,Script_Name,trnx,open,high,low,volume,cls,Gain,ema5,ema9,ema12,ema21,ema25,ema26,ema50,ema100,ema200,MACD,Signal,MACDS
0,CLEAN,2021-07-19,1755.0,1770.65,1555.05,13548172,1585.25,-169.75,,,,,,,,,,,,
1,CLEAN,2021-07-20,1585.8,1760.0,1576.8,6980467,1737.55,151.75,,,,,,,,,,,,
2,CLEAN,2021-07-22,1751.0,1779.0,1672.15,1731678,1694.45,-56.549999999999955,,,,,,,,,,,,
3,CLEAN,2021-07-23,1700.0,1701.05,1605.0,1084767,1635.4,-64.59999999999991,,,,,,,,,,,,
4,CLEAN,2021-07-26,1635.0,1688.0,1620.0,747225,1652.5,17.5,1659.8554502369668,,,,,,,,,,,
5,CLEAN,2021-07-27,1664.5,1715.2,1620.05,676427,1677.25,12.75,1666.2116541353384,,,,,,,,,,,
6,CLEAN,2021-07-28,1672.25,1674.8,1628.55,256379,1634.55,-37.700000000000045,1655.0016755706656,,,,,,,,,,,
7,CLEAN,2021-07-29,1636.0,1651.1,1600.0,351507,1622.45,-13.549999999999955,1643.7105551149882,,,,,,,,,,,
8,CLEAN,2021-07-30,1629.5,1726.85,1626.1,1271880,1682.0,52.5,1656.8145688800794,1656.7946623882824,,,,,,,,,,
9,CLEAN,2021-08-02,1693.5,1709.9,1660.0,288875,1666.45,-27.049999999999955,1660.0830598879795,1658.9580185048862,,,,,,,,,,
10,CLEAN,2021-08-03,1673.5,1707.0,1666.65,234059,1672.65,-0.849999999999909,1664.3210352429198,1661.9537458209102,,,,,,,,,,
11,CLEAN,2021-08-04,1680.0,1683.5,1640.0,172637,1645.25,-34.75,1657.9146472423179,1658.3664817466295,1658.4887472113164,,,,,,,,,
12,CLEAN,2021-08-05,1650.95,1653.5,1600.1,210820,1637.4,-13.549999999999955,1651.0411136911139,1653.9292457697134,1654.8269395448278,,,,,,,,,
13,CLEAN,2021-08-06,1640.0,1679.0,1623.0,312272,1656.95,16.950000000000045,1653.017512590251,1654.5611898085215,1655.1884289548277,,,,,,,,,
14,CLEAN,2021-08-09,1664.9,1681.0,1575.7,499926,1602.4,-62.5,1636.1063891668002,1643.7485146611568,1646.3454633985277,,,,,,,,,
15,CLEAN,2021-08-10,1617.9,1629.0,1510.0,643538,1520.45,-97.45000000000005,1597.4954766917203,1618.3745995113402,1625.540245442229,,,,,,,,,
16,CLEAN,2021-08-11,1520.0,1593.5,1435.6,678501,1575.35,55.34999999999991,1590.10615126379,1609.5714503117983,1617.3394963948936,,,,,,,,,
17,CLEAN,2021-08-12,1580.0,1598.0,1557.4,153642,1576.95,-3.0499999999999545,1585.717798176222,1602.9274729943543,1610.8025331652598,,,,,,,,,
18,CLEAN,2021-08-13,1582.0,1635.0,1570.45,289245,1612.35,30.34999999999991,1594.5992051245614,1604.8395341000696,1611.050999517204,,,,,,,,,
19,CLEAN,2021-08-16,1620.0,1621.55,1519.0,539674,1527.7,-92.29999999999995,1572.2927618962635,1589.2316809850854,1597.757185809821,,,,,,,,,
20,CLEAN,2021-08-17,1535.0,1552.0,1490.0,327596,1496.95,-38.049999999999955,1547.173471870559,1570.603530425095,1581.76951404226,1599.1942695622424,,,,,,,,
21,CLEAN,2021-08-18,1512.0,1597.9,1470.0,1365679,1544.65,32.65000000000009,1546.3322021386307,1565.374238979684,1575.9103207032913,1593.5412487576684,,,,,,,,
22,CLEAN,2021-08-20,1580.0,1599.0,1526.6,365365,1544.1,-35.90000000000009,1545.5880684532128,1561.0941258552953,1570.9091734833057,1588.4815296734125,,,,,,,,
23,CLEAN,2021-08-23,1545.0,1563.35,1466.0,431169,1484.65,-60.34999999999991,1525.2741722585313,1545.7327586787508,1557.393270085447,1577.97568782723,,,,,,,,
24,CLEAN,2021-08-24,1484.65,1484.65,1446.05,399166,1462.9,-21.75,1504.4819580897597,1529.103382937696,1542.6291494588577,1566.4505362964424,1572.4373555101145,,,,,,,
25,CLEAN,2021-08-25,1476.0,1490.0,1451.0,419543,1459.4,-16.59999999999991,1489.4542419734814,1515.120445514946,1529.656116707408,1555.8273239143552,1562.5023721819505,1563.8886039336076,,,,-34.23248722619951,-34.23248722619951,0.0
26,CLEAN,2021-08-26,1465.0,1465.0,1422.1,315671,1429.45,-35.549999999999955,1469.4524759323212,1497.9448283177617,1514.068429395496,1543.3897683469545,1550.9351165147727,1552.5051276497825,,,,-38.43669825428651,-35.07332943181691,-3.363368822469603
27,CLEAN,2021-08-27,1433.7,1453.0,1424.3,277887,1436.85,3.1499999999998636,1458.584856434626,1485.7021819321035,1502.0771266485503,1532.9826719373118,1541.1151709848018,1542.8148443674484,,,,-40.73771771889801,-36.20620708923313,-4.531510629664879
28,CLEAN,2021-08-30,1474.0,1572.5,1456.0,1077246,1466.55,-7.4500000000000455,1461.2399250594035,1481.8658090461813,1496.5680528627836,1526.5370072336761,1534.755139088404,1536.4863780462206,,,,-39.91832518343699,-36.94863070807391,-2.9696944753630845
29,CLEAN,2021-08-31,1474.0,1532.9,1466.0,699312,1522.5,48.5,1481.6600565325289,1490.0027202451145,1500.5843319649466,1526.1476956950046,1533.718516183465,1535.3360316904523,,,,-34.75169972550566,-36.50924451156026,1.757544786054602
30,CLEAN,2021-09-01,1525.15,1544.5,1490.0,391724,1498.2,-26.950000000000045,1487.1733901900589,1491.6438014441908,1500.21543274611,1523.4673537987046,1530.7369685638982,1532.306443823632,,,,-32.0910110775219,-35.62559782475259,3.5345867472306907
31,CLEAN,2021-09-02,1504.0,1579.0,1500.05,618055,1560.8,56.799999999999955,1511.7156503445815,1505.4860080813226,1509.580793802304,1527.0299646725018,1533.242970715763,1534.613651841547,,,,-25.03285803924291,-33.50704986765066,8.474191828407747
32,CLEAN,2021-09-03,1572.9,1649.5,1572.9,858686,1620.45,47.549999999999955,1547.9604895690636,1528.493389125253,1526.7066952933196,1535.904817607979,1540.4659163873328,1541.5164545794523,,,,-14.809759286132703,-29.76759175134707,14.957832465214366
33,CLEAN,2021-09-06,1626.8,1680.0,1626.1,505372,1653.05,26.25,1582.9903624651272,1553.4173492494072,1546.2107156279749,1546.98821153461,1549.736009542005,1550.429235494993,,,,-4.218519867018131,-24.657777374481284,20.439257507463154
34,CLEAN,2021-09-07,1659.0,1659.25,1595.0,250650,1619.55,-39.450000000000045,1595.1769166793408,1566.6492468948834,1557.5263718125748,1553.8281301245634,1555.453476725579,1555.9207051648627,,,,1.6056666477120416,-19.40508857004262,21.01075521775466
35,CLEAN,2021-09-08,1627.0,1631.45,1592.1,199817,1613.75,-13.25,1601.3679472874014,1576.0724555219413,1566.1973562999142,1559.4576843269756,1560.2040895004845,1560.4905406461592,,,,5.706815653755029,-14.382707725283089,20.08952337903812
36,CLEAN,2021-09-09,1610.0,1678.35,1596.3,554691,1656.9,46.90000000000009,1619.8786371749027,1592.2421623134421,1580.1805313625566,1568.5844806765695,1568.0480607758172,1568.0715737345458,,,,12.108957628010785,-9.084374654624316,21.1933322826351
37,CLEAN,2021-09-13,1660.0,1706.6,1647.8,308421,1671.85,11.849999999999909,1637.202428308398,1608.1670373178918,1594.3082521325287,1578.2301302818803,1576.4332809900948,1576.1950160934093,,,,18.11323603911933,-3.6448525158755873,21.758088554994917
38,CLEAN,2021-09-14,1681.05,1706.95,1678.0,478063,1698.4,17.350000000000136,1657.6016216395503,1626.2166288571118,1610.3461175681784,1589.4267922792317,1586.2480054871826,1585.7207961117579,,,,24.62532145642058,2.009182278583646,22.616139177836935
39,CLEAN,2021-09-15,1705.0,1849.85,1700.0,1871083,1813.85,108.84999999999991,1709.6844191366167,1663.7482918994137,1641.6936876901977,1610.2898702815228,1604.498512323929,1603.43464044608,,,,38.25904724411771,9.259155271690458,28.99989197242725
40,CLEAN,2021-09-16,1845.0,1964.0,1837.25,1666295,1947.65,102.65000000000009,1789.006284206871,1720.5346720832367,1688.813850389112,1641.5876291036566,1631.9249854985585,1630.0671864778571,,,,58.74666391125493,19.156656999603353,39.59000691165157
41,CLEAN,2021-09-17,1967.2,1983.6,1846.9,939201,1881.8,-85.40000000000009,1819.9375240478478,1752.790481687399,1718.5306881380154,1663.8312926966537,1651.8365337598927,1649.4801779061029,,,,69.05051023191254,29.135427646065192,39.915082585847344
42,CLEAN,2021-09-20,1855.0,1988.0,1805.2,1097867,1927.35,72.34999999999991,1855.7416836579862,1787.7047614926732,1750.6811427812852,1688.191931424022,1673.73061613874,1670.8437713167932,,,,79.83737146449198,39.275816409750554,40.561555054741426
43,CLEAN,2021-09-21,1935.0,2129.9,1881.0,1891176,2097.85,162.8499999999999,1936.4444572136847,1849.7371865606067,1804.1260664606652,1726.0042040657486,1707.3483829246275,1703.5815147469143,,,,100.54455171375093,51.529563470550634,49.0149882432003
44,CLEAN,2021-09-22,2124.0,2182.0,2082.1,1220096,2122.6,-1.400000000000091,1998.4963055481292,1904.3121263223643,1853.1487012913738,1762.5598824346182,1740.1863477127436,1735.6237359135225,,,,117.52496537785123,64.72864385201075,52.79632152584048
45,CLEAN,2021-09-23,2140.0,2219.0,2096.3,984449,2122.35,-17.65000000000009,2039.7808706932049,1947.9212206130478,1894.5833417581855,1795.681163925273,1770.342691601481,1765.1259039691415,,,,129.45743778904398,77.6744026394174,51.783035149626585
46,CLEAN,2021-09-24,2132.0,2144.6,2028.0,505237,2049.65,-82.34999999999991,2043.0705804795498,1968.267543663146,1918.4490380886048,1819.0340190818117,1792.3389984687885,1786.783454585051,,,,131.66558350355376,88.47263881224467,43.192944691309094
47,CLEAN,2021-09-27,2057.8,2062.35,1967.0,448754,1995.15,-62.65000000000009,2027.097053596667,1973.6441548329526,1930.2530729310483,1835.2113093646205,1808.281811467344,1802.6116460808596,,,,127.64142685018874,96.30639641983349,31.335030430355246
48,CLEAN,2021-09-28,2000.0,2082.7,1985.0,617816,2027.65,27.65000000000009,2027.2813690648782,1984.4455165690952,1945.2413916506912,1852.8712162910372,1825.497144512166,1819.6740484700981,,,,125.56734318059307,102.15858577198541,23.408757408607656
49,CLEAN,2021-09-29,2000.05,2059.0,1997.8,338614,2004.7,4.650000000000091,2019.7542460314473,1988.4964710724307,1954.3910269590112,1866.792421492231,1839.5386093607017,1833.678261536882,1757.234121512204,,,120.71276542212922,105.86942170201418,14.843343720115044
50,CLEAN,2021-09-30,2011.0,2064.95,2005.6,307946,2047.25,36.25,2028.919497363881,2000.2473110288186,1968.6798732595855,1883.325691821224,1855.7905906112073,1849.8169993088045,1770.3066325863524,,,118.86287395078102,108.46811215176754,10.39476179901348
51,CLEAN,2021-10-01,2040.0,2128.7,2020.25,623622,2096.5,56.5,2051.4463315916228,2019.4980246664893,1988.3478280389577,1902.842575685421,1874.5996106750417,1868.4300517827633,1784.924198441027,,,119.91777625619443,110.75804497265293,9.159731283541504
52,CLEAN,2021-10-04,2107.0,2167.0,2104.45,377175,2138.6,31.59999999999991,2080.497554407915,2043.3185938021952,2011.46684885548,1924.4131227578685,1895.2035143979776,1888.787194931233,1800.6851109037484,,,122.67965392424708,113.14236676297176,9.537287161275316
53,CLEAN,2021-10-05,2133.95,2159.9,2105.9,282509,2134.2,0.25,2098.398369610822,2061.4949813010367,2030.3511543678164,1943.5962700736525,1913.835086365429,1907.255349337268,1815.4685353134237,,,123.09580503054849,115.13305441648711,7.9627506140613775
54,CLEAN,2021-10-06,2138.0,2243.6,2107.0,1185905,2223.7,85.69999999999982,2140.1655797491744,2093.9361367617953,2060.1001728062124,1969.1956496029695,1937.9664224732137,1931.040842020513,1833.4718514452823,,,129.05933078569933,117.91830969032955,11.14102109536978
55,CLEAN,2021-10-07,2258.0,2268.5,2188.85,440559,2203.55,-54.44999999999982,2161.293719835692,2115.8589914325735,2082.171286785493,1990.6035303452531,1958.629552818383,1951.5016163469538,1849.7132372011301,,,130.66967043853924,120.4685818399715,10.201088598567736
56,CLEAN,2021-10-08,2216.0,2303.0,2203.2,668949,2260.25,44.25,2194.279146560156,2144.7372795832616,2109.570017948513,2015.2244728638968,1982.075825558214,1974.6599739097046,1867.6464442841893,,,134.91004403880834,123.35687427973889,11.553169759069448
57,CLEAN,2021-10-11,2266.0,2353.9,2260.8,491905,2311.0,45.0,2233.1860977091515,2177.9899032908243,2140.5611659464457,2042.2204382255732,2007.6238094171097,1999.864384470981,1886.927045922723,,,140.69678147546483,126.82485571888408,13.871925756580751
58,CLEAN,2021-10-12,2310.0,2321.35,2265.0,230451,2280.6,-29.40000000000009,2248.9907318067458,2198.511961945114,2162.1067314086513,2063.969881633479,2028.810384687779,2020.8838067815855,1903.974299987141,,,141.22292462706582,129.70446950052042,11.518455126545405
59,CLEAN,2021-10-13,2288.0,2292.55,2185.1,350118,2208.3,-79.69999999999982,2235.427154537462,2200.4695725561205,2169.213703357374,2077.1340361263624,2042.7315526650577,2034.9049586122696,1917.0988966796278,,,134.30874474510438,130.6253245494372,3.6834201956671677
60,CLEAN,2021-10-14,2219.0,2225.15,2135.0,298192,2146.75,-72.25,2205.868103024439,2189.72564487288,2165.7576192786846,2083.48171237347,2050.7940633359913,2043.266234587905,1926.9644308899503,,,122.49138469077957,128.9985365777057,-6.507151886926124
61,CLEAN,2021-10-18,2167.0,2199.0,2142.05,195258,2160.4,-6.599999999999909,2190.712068682776,2183.8605101457965,2164.9333439812212,2090.493315380329,2059.284675829193,2052.0169012891356,1936.9551448740258,,,112.91644269208564,125.78211780058169,-12.865675108496049
62,CLEAN,2021-10-19,2168.0,2206.0,2065.1,323627,2123.5,-44.5,2168.308045788337,2171.788398644403,2158.558812069157,2093.501345450009,2064.256415458931,2057.353785591494,1944.9104989666857,,,101.20502647766261,120.86669953599787,-19.661673058335253
63,CLEAN,2021-10-20,2109.0,2123.35,1992.0,317245,2021.65,-87.34999999999991,2119.4220305252957,2141.7607000668304,2137.495438960135,2086.9547195581595,2060.9593493238954,2054.68972216947,1948.1719291105173,,,82.80571679066497,113.2545029869313,-30.448786196266326
64,CLEAN,2021-10-21,2041.9,2059.0,1955.05,280846,2022.9,-19.0,2087.2480203500822,2117.9885481158467,2119.8650322175563,2081.11966396074,2058.0155122205215,2052.3189934599427,1951.337476730671,,,67.54603875761359,104.11281014106777,-36.56677138345418
65,CLEAN,2021-10-22,2047.0,2089.0,2005.0,205790,2029.85,-17.15000000000009,2068.115346900009,2100.3608314110156,2106.0163402650287,2076.4501286375807,2055.8378761101444,2050.6442005617632,1954.6529094107639,,,55.372139703265475,94.36467605350731,-38.992536350241835
66,CLEAN,2021-10-25,2047.0,2060.0,1925.05,247026,1933.7,-113.29999999999995,2023.3102312666012,2067.028654416264,2079.5057688757734,2063.4509360272705,2046.3984076068239,2041.931460316647,1953.7707657507851,,,37.57430855912639,83.00660255463113,-45.432293995504736
67,CLEAN,2021-10-26,1942.0,2028.0,1940.0,178975,2009.3,67.29999999999995,2018.6401541777293,2055.4829205644864,2068.704755458334,2058.5205696677604,2043.5322825104756,2039.501348965186,1956.1018892746858,,,29.203406493148123,72.24596334233452,-43.0425568491864
68,CLEAN,2021-10-27,2018.0,2162.25,2014.0,510198,2116.9,98.90000000000009,2051.3934361185093,2067.766338978142,2076.119481595335,2063.835193086685,2049.1985846416305,2045.2630473886825,1962.8336027913688,,,30.856434206652466,63.96805751519811,-33.111623308545646
69,CLEAN,2021-10-28,2145.0,2194.05,2076.0,316297,2096.8,-48.19999999999982,2066.5289574123467,2073.573072138014,2079.3011263639114,2066.8357931601013,2052.8737817867936,2049.0981428147743,1968.4272074500714,,,30.202983549137116,57.21504272198592,-27.0120591728488
70,CLEAN,2021-10-29,2081.05,2134.0,2001.0,203092,2073.85,-7.200000000000273,2068.969304941565,2073.6284577177025,2078.4624856165556,2067.474183188787,2054.492847074798,2050.939412571205,1972.8178645296161,,,27.52307304535043,51.276648786658825,-23.753575741308396
71,CLEAN,2021-11-01,2087.95,2119.25,2052.4,114684,2066.25,-21.699999999999818,2068.0628699610434,2072.1527660187535,2076.583630449024,2067.3627772250197,2055.4000935111485,2052.0779954958375,1976.6996916046967,,,24.505634953186473,45.922446019964354,-21.416811066777882
72,CLEAN,2021-11-03,2069.0,2073.6,2011.15,120986,2022.25,-46.75,2052.79191330736,2062.1722119741426,2068.2245681170857,2063.2577103607505,2052.8426703330297,2049.8604617487304,1978.5877695668405,,,18.36410636835535,40.410778089642555,-22.046671721287204
73,CLEAN,2021-11-04,2037.0,2078.9,2034.0,57792,2070.2,33.19999999999982,2058.594608871574,2063.777769687528,2068.52848201463,2063.8893738955303,2054.1814330409397,2051.372177118306,1982.3766650234977,,,17.156304896323945,35.75988345097884,-18.603578554654895
74,CLEAN,2021-11-08,2088.9,2150.0,2068.0,301127,2112.7,23.799999999999727,2076.629739247717,2073.5622162775985,2075.3241247659644,2068.330195040177,2058.694011060265,2055.929166000715,1987.7550509985185,,,19.394958765249157,32.486898513832905,-13.091939748583748
75,CLEAN,2021-11-09,2122.0,2143.1,2116.0,114557,2124.1,2.099999999999909,2092.4531594984787,2083.6697734580775,2082.828128556086,2073.40380368576,2063.736742247202,2060.9934560735223,1993.3704130879498,,,21.834672482563747,30.356453307579073,-8.521780825015327
76,CLEAN,2021-11-10,2120.0,2120.0,2070.0,108328,2083.35,-36.65000000000009,2089.418772998986,2083.605818764255,2082.908416678624,2074.308591259368,2065.248637402957,2062.6539283920865,1997.068935889986,,,20.254488286537253,28.33606030337071,-8.081572016833459
77,CLEAN,2021-11-11,2080.0,2080.0,1987.5,267061,2012.55,-67.45000000000005,2063.7958486659904,2069.394654619077,2072.084021143503,2068.6908554482025,2061.187002801478,2058.933331119551,1997.7040705228692,,,13.150690023951938,25.29898624748696,-12.14829622353502
78,CLEAN,2021-11-12,1916.1,2049.95,1916.1,273009,2018.55,102.45000000000005,2048.7138991106603,2059.2257234706744,2063.8480026074453,2064.1301467411995,2057.9013392661545,2055.9351122710514,1998.5577611503795,,,7.912890336393957,21.82176706526836,-13.908876728874404
79,CLEAN,2021-11-15,2043.0,2045.0,2010.95,130796,2027.85,-15.150000000000091,2041.7592660737737,2052.9505786656673,2058.30983966429,2060.8303406642735,2055.58586361102,2053.8503162208244,1999.7552686154888,,,4.459523443465514,18.349318340907793,-13.889794897442279
80,CLEAN,2021-11-16,2031.0,2145.45,2016.0,605189,2138.1,107.09999999999991,2073.8728440491827,2069.9804631732472,2070.5852652559015,2067.8579740504106,2061.942821570325,2060.1033012391194,2005.4015885495216,,,10.481964016782058,16.775847476082646,-6.293883459300588
81,CLEAN,2021-11-17,2148.0,2222.0,2142.0,645057,2199.55,51.55000000000018,2115.765229366122,2095.8943708316274,2090.4260159831306,2079.8348085756984,2072.542945236964,2070.4514845280423,2013.3128069092497,,,19.974531455088254,17.415584271883766,2.558947183204488
82,CLEAN,2021-11-18,2210.9,2225.9,2103.05,321751,2139.15,-71.75,2123.560152910748,2104.545496743562,2097.922020654761,2085.229077221803,2077.6732465507516,2075.5488372446284,2018.4326123217313,,,22.373183410132697,18.40710409953355,3.966079310599145
83,CLEAN,2021-11-22,2156.0,2164.7,2040.0,292606,2087.3,-68.69999999999982,2111.4734352738324,2101.0963973698886,2096.2878623156116,2085.417405724698,2078.4146573839853,2076.4206515222404,2021.2304337029216,,,19.867210793371214,18.699125438301085,1.1680853550701293
84,CLEAN,2021-11-23,2076.0,2152.0,2051.3,247436,2118.1,42.09999999999991,2113.682290182555,2104.4971179156,2099.6435780910033,2088.3894515602215,2081.470767532305,2079.5124692292366,2025.1603344042917,,,20.131108861766734,18.985522122994215,1.1455867387725185
85,CLEAN,2021-11-24,2128.0,2157.65,2092.0,180588,2126.25,-1.75,2117.87152678837,2108.8476943526302,2103.7368761282455,2091.8322683309716,2084.918856010721,2082.97913735496,2029.2558977311012,,,20.757738773285382,19.33996545305245,1.4177733202329321
86,CLEAN,2021-11-25,2130.0,2235.0,2117.35,582661,2209.4,79.40000000000009,2148.3810178589133,2128.95815555662,2119.992749266164,2102.5229221227614,2094.5033915386157,2092.3552376227854,2036.54482099139,,,27.63751164337873,20.999474691117705,6.638036952261025
87,CLEAN,2021-11-26,2192.0,2192.0,2110.0,295223,2122.8,-69.19999999999982,2139.854011905942,2127.7265244416453,2120.4246341726475,2104.3667127479953,2096.681955265554,2094.6129897612886,2040.030502820917,,,25.811644411358884,21.96190863516594,3.8497357761929436
88,CLEAN,2021-11-29,2092.0,2097.85,1958.7,306032,2010.25,-81.75,2096.6526746039613,2104.231219497599,2103.474684535996,2095.8088761514446,2090.027982226103,2088.357248629949,2038.8284718431303,,,15.117435906046921,20.59301408934214,-5.4755781832952195
89,CLEAN,2021-11-30,2020.1,2150.5,2020.1,818153,2139.35,119.25,2110.8851164026405,2111.2549756114045,2108.993965468657,2099.7679052933877,2093.824807374471,2092.1382002343807,2042.881174320045,,,16.855765234276078,19.84556431832893,-2.9897990840528514
90,CLEAN,2021-12-01,2157.95,2193.0,2088.05,283944,2182.65,24.700000000000273,2134.8067442684273,2125.533980510795,2120.3256659214576,2107.3039306361825,2100.6622084595397,2098.84887623493,2048.5100029671457,,,21.47678968652781,20.171809391968708,1.3049802945591011
91,CLEAN,2021-12-02,2194.8,2333.3,2150.0,885789,2306.35,111.54999999999973,2191.987829512285,2161.697184452544,2148.944800294574,2125.4018430004653,2116.494379175074,2114.2322737951417,2058.8828818890006,,,34.71252649943244,23.079952813461453,11.63257368597099
92,CLEAN,2021-12-03,2337.0,2500.0,2332.0,1616906,2472.25,135.25,2285.4085530081898,2223.8077476223652,2198.684070689712,2156.9379531597465,2143.87621336366,2140.7727829592154,2075.4957532126086,,,57.9112877304965,30.046219796868463,27.865067933628033
93,CLEAN,2021-12-06,2489.0,2660.6,2480.0,1550308,2507.3,18.300000000000182,2359.3723686721264,2280.506198141951,2246.163451619979,2188.7931434580414,2171.8469923753073,2167.9425470391498,2092.832720152968,,,78.22090458082903,39.68115675366058,38.53974782716845
94,CLEAN,2021-12-07,2545.0,2620.0,2516.3,743684,2568.45,23.449999999999818,2429.064912448084,2338.094958549361,2295.7460038781333,2223.31143722111,2202.3701295364617,2197.6295952076916,2111.9109568263693,,,98.11640867044161,51.36820713701679,46.748201533424826
95,CLEAN,2021-12-08,2578.0,2626.65,2513.0,468700,2542.6,-35.40000000000009,2466.9099416320564,2378.99596685983,2333.723545860813,2252.3407543762396,2228.5537046962004,2223.1987723250168,2129.171525053043,,,110.52477353579616,63.19952041677267,47.325253119023486
96,CLEAN,2021-12-09,2532.9,2625.9,2526.4,492731,2540.7,7.799999999999727,2491.5066277547044,2411.3367735007314,2365.5660801882545,2278.557763420103,2252.57515993886,2246.7308576312953,2145.650014992227,,,118.83522255695925,74.32666084481,44.50856171214926
97,CLEAN,2021-12-10,2539.0,2559.7,2422.0,354617,2448.55,-90.44999999999982,2477.1877518364695,2418.779418802954,2378.3328380734642,2294.0129601452563,2267.6560597232005,2261.6883547863945,2157.7687694602487,,,116.64448328706976,82.79022533326194,33.85425795380782
98,CLEAN,2021-12-13,2462.8,2517.4,2422.0,284645,2465.95,3.149999999999636,2473.4418345576464,2428.213535044765,2391.812402332219,2309.64484790509,2282.914961469281,2276.8262791756756,2170.0890467624954,,,114.98612315654327,89.22940489791822,25.756718258625057
99,CLEAN,2021-12-14,2464.0,2497.7,2432.0,226310,2448.3,-15.699999999999818,2465.061223038431,2432.23082803663,2400.502802456445,2322.250776490132,2295.641138473189,2289.533813052431,2181.202725795374,2074.533155426713,,110.96898940401388,93.57732179913735,17.39166760487653
100,CLEAN,2021-12-15,2456.9,2456.9,2390.05,307159,2404.3,-52.59999999999991,2444.8074820256206,2426.644662428394,2401.086986721389,2329.710288904537,2304.002090437283,2298.0385919264563,2190.1082691480783,2082.0618467532245,,103.04839479493285,95.47153639829645,7.576858396636396
101,CLEAN,2021-12-16,2419.0,2438.55,2362.6,186741,2396.9,-22.09999999999991,2428.8383213504135,2420.6957299419396,2400.4428348924644,2335.818810796905,2311.150117950976,2305.364514409074,2198.3571404292957,2089.2280091192893,,95.07832048339014,95.39289321531518,-0.31457273192503976
102,CLEAN,2021-12-17,2408.9,2485.0,2341.0,1063911,2387.8,-21.09999999999991,2415.1588809002756,2414.1165839528653,2398.497783305051,2340.54463110202,2317.047812201603,2311.4730510749037,2205.9088791186064,2096.00387783484,,87.02473223014749,93.71926101828164,-6.69452878813415
103,CLEAN,2021-12-20,2336.6,2360.9,2254.8,344509,2301.9,-34.69999999999982,2377.405920600184,2391.6732671604195,2383.636585450072,2337.0313086879532,2315.8823132258935,2310.763699157092,2209.7328871234813,2100.6630611739647,,72.87288629297973,89.54998607322126,-16.677099780241534
104,CLEAN,2021-12-21,2350.0,2391.45,2260.0,319300,2274.85,-75.15000000000009,2343.220613733456,2368.3086137267765,2366.9001872850235,2331.37820772843,2312.7252747008283,2308.1026018296884,2212.325353147139,2104.5935926384695,,58.79758545533514,83.39950594964404,-24.6019204943089
105,CLEAN,2021-12-22,2278.8,2469.0,2278.8,417082,2448.45,169.64999999999964,2378.297075822304,2384.3368909822766,2379.4463125740376,2342.021533901061,2323.167796039633,2318.5016844420584,2221.72042709003,2112.3313390793032,,60.94462813197924,78.9085303861111,-17.963902254131852
106,CLEAN,2021-12-23,2488.0,2513.9,2421.9,280907,2443.15,-44.84999999999991,2399.9147172148696,2396.099512786324,2389.246880039512,2351.215373176449,2332.3989571480524,2327.7373427759057,2230.5257594384525,2119.755647139796,,61.509537263606035,75.42873176161008,-13.919194498004046
107,CLEAN,2021-12-24,2447.0,2455.1,2390.0,163645,2400.7,-46.30000000000018,2400.176478143246,2397.0196102290906,2391.008898520707,2355.7141279087873,2337.6538087582553,2333.1433117762317,2237.2891596939508,2126.0440615933435,,57.86558674447542,71.91610275818316,-14.050516013707735
108,CLEAN,2021-12-27,2400.7,2499.9,2350.0,210178,2476.15,75.45000000000027,2425.500985428831,2412.8456881837055,2404.107529679405,2366.6631805099596,2348.3090937217303,2343.738809320972,2246.7774257321794,2133.8603538908324,,60.368720358433166,69.60662627823316,-9.2379059198
109,CLEAN,2021-12-28,2509.45,2525.0,2456.1,195987,2474.7,-34.75,2441.900656952554,2425.2165505472353,2414.9679098422994,2376.4849843413226,2358.0329299619902,2353.4416813487564,2255.826600519178,2141.4506172951715,,61.52622849354293,67.99054672129512,-6.464318227752187
110,CLEAN,2021-12-29,2465.0,2485.8,2429.7,130135,2441.15,-23.84999999999991,2441.6504379683697,2428.4032404378436,2418.995923748357,2382.3637716486155,2364.427436284428,2359.939860777917,2263.1808841364254,2148.108288795973,,59.05606297044005,66.20364997112411,-7.147587000684055
111,CLEAN,2021-12-30,2452.2,2506.0,2422.85,159001,2432.85,-19.34999999999991,2438.71695864558,2429.2925923502876,2421.127320110722,2386.953534894475,2369.6913833242693,2365.34158698259,2269.9108023404096,2154.4184597218687,,55.78573312813205,64.1200666025257,-8.334333474393645
112,CLEAN,2021-12-31,2442.0,2538.85,2437.4,342923,2493.35,51.34999999999991,2456.9279724303865,2442.1040738803736,2432.238501702543,2396.6261441285333,2379.204707179195,2374.825276883073,2278.7695285653976,2161.9118559973163,,57.41322481947009,62.778698245914576,-5.365473426444488
113,CLEAN,2022-01-03,2505.0,2528.0,2471.65,120188,2482.0,-23.0,2465.285314953591,2450.0832591043704,2439.8941168662686,2404.387552064567,2387.1128987807133,2382.7653741653694,2286.8235615141652,2168.972358051366,,57.12874270089924,61.64870713691151,-4.519964436012273
114,CLEAN,2022-01-04,2495.0,2699.0,2490.0,1091132,2661.85,166.8499999999999,2530.806876635727,2492.4366072838,2474.041175964811,2427.793635752027,2408.2486470320323,2403.4412724182043,2301.679720759013,2179.8197777311275,,70.59990354660658,63.43894641885053,7.160957127756056
115,CLEAN,2022-01-05,2669.0,2705.0,2561.0,452578,2604.4,-64.59999999999991,2555.3379177571514,2514.829285827169,2494.0963797395075,2443.84901332774,2423.3386131476145,2418.3290795821254,2313.666800231056,2189.143512912176,,75.76730015738212,65.90461716655685,9.862682990825277
116,CLEAN,2022-01-06,2587.8,2643.0,2553.25,218431,2623.75,35.94999999999982,2578.141945171434,2536.613428661835,2514.0430906135944,2460.2038832823796,2438.7561945135176,2433.5473138132506,2325.9407447515405,2198.666873213459,,80.49577680034372,68.82284909331423,11.672927707029487
117,CLEAN,2022-01-07,2645.0,2654.0,2580.0,162336,2593.35,-51.65000000000009,2583.2112967809558,2547.9607429295097,2526.2441536296474,2472.308233692174,2450.648966195566,2445.385896606804,2336.521653542324,2207.2971933203657,,80.85825702284319,71.22993067922003,9.628326343623158
118,CLEAN,2022-01-10,2599.9,2616.6,2559.0,101441,2566.1,-33.80000000000018,2577.507531187304,2551.5885943436188,2532.3758223162667,2480.8348590710207,2459.5304632788793,2454.3286240263924,2345.6024592246918,2215.1267741301835,,78.04719828987436,72.5933842013509,5.453814088523458
119,CLEAN,2022-01-11,2569.7,2580.0,2503.0,122606,2511.45,-58.25,2555.488354124869,2543.560875474876,2529.1564650305068,2483.6180837219895,2463.5245429270403,2458.560249782499,2352.1602185161073,2221.579931143238,,70.59621524800787,72.1939504106823,-1.5977351626744394
120,CLEAN,2022-01-12,2524.0,2608.0,2524.0,169715,2541.3,17.300000000000182,2550.758902749913,2543.1087003799,2531.0247011827696,2488.861945713224,2469.507642538495,2464.6896737041825,2359.6365423996886,2228.5288838874194,,66.33502747858711,71.02216582426327,-4.687138345676161
121,CLEAN,2022-01-13,2550.05,2575.0,2518.0,110780,2533.0,-17.050000000000182,2544.839268499942,2541.0869603039164,2531.328593308926,2492.8745318727533,2474.3919504665673,2469.7501210207292,2366.487119433872,2235.133644648597,,61.578472288196735,69.13342711704996,-7.5549548288532264
122,CLEAN,2022-01-14,2533.5,2574.0,2521.0,81130,2542.6,9.099999999999909,2544.092845666628,2541.389568243134,2533.0626558788504,2497.3950656096604,2479.639001591744,2475.1468261894047,2373.4442546377954,2241.790793910987,,57.91582968944567,66.8899076315291,-8.974077942083426
123,CLEAN,2022-01-17,2535.0,2588.0,2523.0,109546,2534.9,-0.09999999999990905,2541.028563777752,2540.091654594506,2533.345324205466,2500.8046302189005,2483.890055590636,2479.5733045435313,2379.8205393498824,2248.1253706402294,,53.77201966193479,64.26633003761025,-10.494310375675454
124,CLEAN,2022-01-18,2543.8,2549.7,2424.0,255531,2434.9,-108.90000000000009,2505.6523758518347,2519.0533236755887,2518.199889699392,2494.813260071648,2480.1214195911166,2476.263951202146,2381.995160916353,2252.15458897144,,41.93593849724584,59.80025172953737,-17.86431323229153
125,CLEAN,2022-01-19,2434.9,2434.9,2340.05,703889,2413.5,-21.40000000000009,2474.9349172345565,2497.942658940458,2502.092214349392,2487.4211005113393,2474.9964813766906,2471.6144838659766,2383.2386896849844,2255.6290803309666,,30.4777304834156,53.935747480313026,-23.458016996897427
126,CLEAN,2022-01-20,2415.0,2468.0,2413.5,113366,2433.7,18.699999999999818,2461.1899448230374,2485.0941271523598,2491.5703352122873,2482.53733706888,2471.81970672716,2468.8058437419345,2385.2299416169226,2259.4571148991663,,22.764491470352823,47.70149627832099,-24.937004807968165
127,CLEAN,2022-01-21,2410.0,2460.0,2358.05,141517,2382.85,-27.15000000000009,2435.076629882025,2464.6453017218796,2474.844129786364,2473.4748062785998,2464.975640044141,2462.438408681316,2385.1360498568183,2262.105232978206,,12.405721105048087,40.64234124366641,-28.23662013861832
128,CLEAN,2022-01-24,2388.45,2394.7,2196.6,310010,2226.05,-162.39999999999964,2365.401086588017,2416.926241377488,2436.568109802486,2450.981539176008,2446.5961420661065,2444.927301810206,2378.8613787420036,2261.3327379624006,,-8.359192007719685,30.842034593389194,-39.20122660110888
129,CLEAN,2022-01-25,2150.05,2319.55,2121.25,198069,2307.3,157.25,2346.0340577253446,2395.000993101985,2416.6807082870496,2437.9195267489404,2435.8807299237405,2434.7322262843154,2376.0394938461145,2262.3160052234025,,-18.05151799726582,21.06332407525819,-39.11484207252401
130,CLEAN,2022-01-27,2284.9,2329.55,2215.6,133024,2285.25,0.34999999999990905,2325.7727051502297,2373.0507944815836,2396.460599313478,2424.0404263916466,2424.2934269960488,2423.659005588774,2372.460163421086,2262.805799009431,,-27.198406275296293,11.410978005147292,-38.609384280443585
131,CLEAN,2022-01-28,2297.3,2357.5,2271.0,166051,2280.75,-16.550000000000182,2310.76513676682,2354.590635585264,2378.6589686451475,2411.0139792219475,2413.2513401763804,2413.07274330116,2368.8452908941363,2263.1884325332535,,-34.413774656012265,2.2460274729153804,-36.659802128927645
132,CLEAN,2022-01-31,2316.0,2316.0,2222.0,126267,2230.2,-85.80000000000018,2283.91009117788,2329.7125084682084,2355.819127310003,2394.5762933885812,2399.170132673832,2399.5261283523078,2363.381506672789,2262.4860717110964,,-43.70700104230491,-6.944578230128678,-36.76242281217623
133,CLEAN,2022-02-01,2258.4,2273.15,2217.2,129904,2246.05,-12.349999999999909,2271.2900607852534,2312.9800067745646,2338.9315692591053,2381.0738647281696,2387.391402122554,2388.1571487336246,2358.758554582637,2262.136649602906,,-49.225579474519236,-15.400778479006792,-33.82480099551245
134,CLEAN,2022-02-02,2268.0,2337.8,2260.0,146599,2305.25,37.25,2282.6100405235024,2311.4340054196514,2333.749789372257,2374.1807683172615,2381.072704571249,2382.015689629851,2356.6506662989705,2263.051882472126,,-48.265900257593785,-21.973802834724193,-26.292097422869592
135,CLEAN,2022-02-03,2305.0,2318.0,2277.0,77152,2292.2,-12.800000000000182,2285.8066936823348,2307.587204335721,2327.357514083349,2366.7279537024624,2374.2362146880037,2375.3624861744365,2354.1121814658236,2263.6697725873323,,-48.00497209108744,-27.180036685996843,-20.824935405090596
136,CLEAN,2022-02-04,2298.0,2361.1,2295.0,165778,2332.95,34.94999999999982,2301.5211291215564,2312.6597634685763,2328.217896532163,2363.657224085549,2371.060297133812,2372.2207377153786,2353.2788199761935,2265.136346837622,,-44.00284118321542,-30.544597585440563,-13.45824359777486
137,CLEAN,2022-02-07,2318.0,2329.65,2255.0,212532,2307.8,-10.199999999999818,2303.614086081038,2311.6878107748607,2325.0766816807554,2358.579284771849,2366.1940428021844,2367.4487147452096,2351.488169043225,2266.0382494096825,,-42.37203306445417,-32.91008468124329,-9.461948383210881
138,CLEAN,2022-02-08,2324.0,2338.8,2160.0,378317,2208.1,-115.90000000000009,2271.7760573873584,2290.9702486198876,2307.080269113004,2344.8993256656877,2354.0327835071707,2355.6448394844037,2345.8433942181478,2264.8150808205987,,-48.564570371399896,-36.04098181927461,-12.523588552125283
139,CLEAN,2022-02-09,2222.0,2257.5,2183.1,140278,2189.8,-32.19999999999982,2244.4507049249055,2270.736198895909,2289.0371507866694,2330.7993643618556,2341.3993207455287,2343.3597794895645,2339.701349938957,2263.2334644626085,,-54.322628702895145,-39.69731119599872,-14.625317506896423
140,CLEAN,2022-02-10,2198.0,2227.0,2165.0,117975,2171.2,-26.800000000000182,2220.03380328327,2250.8289591167268,2270.9083583568827,2316.290310089992,2328.306901031795,2330.606956140139,2333.0699109480242,2261.2955173133946,,-59.698597783256446,-43.69756851345027,-16.001029269806175
141,CLEAN,2022-02-11,2160.0,2160.0,2060.0,266403,2090.4,-69.59999999999991,2176.8225355221803,2218.743167293381,2243.137841685208,2295.754800143557,2310.0061582252856,2312.8135290606774,2323.5208723334003,2257.701483737152,,-69.67568737546935,-48.893192285854084,-20.782495089615267
142,CLEAN,2022-02-14,2022.2,2045.0,1970.0,241124,1980.65,-41.549999999999955,2111.43169034812,2171.1245338347035,2202.7550968088567,2267.1088747142826,2284.6707982704033,2288.208414482009,2310.03074579466,2251.8820773237294,,-85.45331767315247,-56.205217363313764,-29.248100309838705
143,CLEAN,2022-02-15,1991.1,2023.0,1931.25,355686,1974.85,-16.25,2065.9044602320796,2131.8696270677624,2167.692774221627,2240.5398570081916,2260.8381939776173,2264.9963230551643,2296.8448846080964,2246.070069239895,,-97.3035488335372,-64.42488365735845,-32.87866517617876
144,CLEAN,2022-02-16,2000.0,2073.8,2000.0,292567,2052.45,52.44999999999982,2061.4196401547197,2115.9857016542096,2149.9631166485337,2223.4407620754473,2244.8081868770487,2249.2519267533285,2287.2316895159493,2242.012785211529,,-99.28881010479472,-71.3976689468457,-27.891141157949022
145,CLEAN,2022-02-17,2075.0,2105.4,2025.15,210242,2059.2,-15.800000000000182,2060.6797601031462,2104.6285613233676,2135.9995602407103,2208.509770191801,2230.530513982682,2235.1738206112122,2278.263202713302,2238.1863778899888,,-99.174260370502,-76.95298723157696,-22.221273138925042
146,CLEAN,2022-02-18,2027.0,2056.4,2000.0,76113,2013.25,-13.75,2044.8698400687642,2086.352849058694,2117.1150125109616,2190.7588673877426,2213.816498558492,2218.7348183678064,2267.8414242960425,2233.483600816736,,-101.61980585684478,-81.88635095663052,-19.733454900214255
147,CLEAN,2022-02-21,2000.05,2007.55,1920.0,122937,1936.7,-63.34999999999991,2008.8132267125095,2056.4222792469554,2089.3588567395363,2167.6625894408694,2192.499692091091,2197.843114152438,2254.820550028175,2227.2855534150385,,-108.48425741290157,-87.20593224788473,-21.278325165016838
148,CLEAN,2022-02-22,1870.0,1924.7,1845.0,221044,1862.35,-7.650000000000091,1959.992151141673,2017.6078233975643,2054.4344172406054,2139.906880618643,2167.103393966093,2172.991512218765,2239.389769641976,2219.6724543483606,,-118.55709497815951,-93.47616479393969,-25.080930184219824
149,CLEAN,2022-02-23,1880.0,1913.7,1850.0,130759,1873.3,-6.7000000000000455,1931.094767427782,1988.7462587180514,2026.5675838186087,2115.669876489274,2144.5029949168525,2150.7919257733793,2224.997662154635,2212.454256914743,,-124.22434195477058,-99.62580022610587,-24.598541728664713
150,CLEAN,2022-02-24,1800.0,1823.2,1740.0,263168,1746.55,-53.450000000000045,1869.5798449518545,1940.307006974441,1983.487955538345,2082.113505223857,2113.8910535676696,2120.847810684689,2206.1902538516974,2202.755149431791,,-137.35985514634422,-107.17261121015355,-30.18724393619067
151,CLEAN,2022-02-25,1809.0,1829.0,1761.0,298666,1771.7,-37.299999999999955,1836.953229967903,1906.585605579553,1950.9051931475249,2053.8940812415467,2087.568527905227,2094.9847949774385,2189.112374836622,2193.790630583867,,-144.0796018299136,-114.55400933410556,-29.52559249580804
152,CLEAN,2022-02-28,1768.75,1844.0,1733.15,248538,1824.6,55.84999999999991,1832.835486645269,1890.1884844636422,1931.4736249708285,2033.0491550840577,2067.34008247329,2074.956137540592,2174.786302358183,2186.120318454321,,-143.48251256976346,-120.33970998123715,-23.14280258852631
153,CLEAN,2022-03-02,1815.0,2032.0,1800.0,740577,1987.1,172.0999999999999,1884.256991096846,1909.5707875709138,1940.0315288215277,2028.8719574036786,2061.167741078805,2068.4482291363142,2167.410488413596,2181.989491819196,,-128.41670031478657,-121.95510804794704,-6.461592266839531
154,CLEAN,2022-03-03,2036.0,2066.85,1972.05,193954,1994.65,-41.34999999999991,1921.0546607312306,1926.586630056731,1948.4343705413403,2025.7608691728658,2056.0509708302206,2062.9816575841364,2160.6218015173217,2178.104815422294,,-114.54728704279614,-120.47354384691687,5.926256804120726
155,CLEAN,2022-03-04,1960.0,1993.8,1911.55,156927,1938.5,-21.5,1926.8697738208205,1928.9693040453847,1946.906005842665,2017.8280601164106,2047.0085543082544,2053.7607377386403,2151.894139109761,2173.1410003913625,,-106.85473189597519,-117.74978145672853,10.895049560753336
156,CLEAN,2022-03-07,1880.0,1908.0,1854.45,161127,1886.3,6.2999999999999545,1913.3465158805468,1920.4354432363077,1937.5820049437555,2005.870959949266,2034.6463147260602,2041.3561684929475,2141.4591501255536,2167.204039185843,,-103.77416354919205,-114.95465787522124,11.18049432602919
157,CLEAN,2022-03-08,1906.0,1933.0,1860.0,152049,1874.65,-31.34999999999991,1900.447677253698,1911.2783545890463,1927.9001580292982,1993.941778331997,2022.3388662955028,2029.0074987547641,2130.97719516795,2161.1542501474664,,-101.10734072546597,-112.1851944452702,11.077853719804224
158,CLEAN,2022-03-09,1930.0,1930.0,1886.0,112646,1909.5,-20.5,1903.4651181691322,1910.922683671237,1925.069364486321,1986.2652510166254,2013.6589277200478,2020.1550485169616,2122.2767815163716,2155.9547979637255,,-95.08568403064055,-108.76529236234427,13.679608331703719
159,CLEAN,2022-03-10,1948.0,2047.25,1947.95,244841,2035.8,87.79999999999995,1947.5767454460881,1935.8981469369896,1942.1048468730828,1990.7684110883313,2015.362091796226,2021.313939014854,2118.879895877774,2153.4743993023344,,-79.20909214177118,-102.85405231822966,23.644960176458483
160,CLEAN,2022-03-11,2009.0,2079.0,2009.0,123577,2054.9,45.90000000000009,1983.3511636307255,1959.698517549592,1959.457947354183,1996.598556798003,2018.4034770482635,2023.8018057260751,2116.366871989185,2151.441203252112,,-64.34385837189211,-95.15201352896216,30.808155157070047
161,CLEAN,2022-03-14,2049.95,2062.0,2002.05,150422,2018.9,-31.049999999999727,1995.200775753817,1971.5388140396738,1968.6028785304788,1998.6259611247815,2018.4416712107093,2023.4387076080486,2112.5387752114475,2148.7096585951745,,-54.83582907756977,-87.08877663868368,32.25294756111391
162,CLEAN,2022-03-15,2034.0,2055.8,1991.0,91728,2002.45,-31.549999999999955,1997.617183835878,1977.7210512317392,1973.810127987336,1998.9736010847764,2017.2115400030953,2021.8839829850579,2108.215202362584,2145.6978206626573,,-48.07385499772181,-79.28579231049132,31.211937312769507
163,CLEAN,2022-03-16,2034.0,2117.0,2028.0,251136,2065.95,31.949999999999818,2020.3947892239187,1995.3668409853915,1987.9854929123792,2005.06236561365,2020.9606597740728,2025.1481431650566,2106.5553954045963,2144.056918354353,,-37.162650252677395,-70.86116389892854,33.69851364625114
164,CLEAN,2022-03-17,2116.0,2117.95,2042.95,211747,2099.9,-16.09999999999991,2046.8965261492792,2016.2734727883133,2005.2031093874161,2013.6839700155183,2027.0329278729669,2030.6853346642358,2106.2940442854747,2143.1490422692755,,-25.48222527681969,-61.78537617450677,36.30315089768708
165,CLEAN,2022-03-21,2120.0,2149.0,2080.0,169193,2088.2,-31.800000000000182,2060.664350766186,2030.658778230651,2017.9718617893636,2020.458155470883,2031.7380952485034,2034.9456922978707,2105.583546102847,2142.02013369738,,-16.973830508507035,-52.82306704130683,35.84923653279979
166,CLEAN,2022-03-22,2087.4,2109.1,2060.0,93268,2067.1,-20.300000000000182,2062.809567177457,2037.947022584521,2025.5300368986982,2024.6983236739147,2034.4582460269824,2037.3274991077487,2104.0724915728892,2140.4820684069805,,-11.797462209050536,-44.61794607485557,32.82048386580503
167,CLEAN,2022-03-23,2083.6,2098.6,2050.05,66823,2057.45,-26.15000000000009,2061.0230447849713,2041.8476180676166,2030.4408004527477,2027.6757491254998,2036.2268450426495,2038.8180583448134,2102.241951932511,2138.778709030247,,-8.3772578920657,-37.369808438297596,28.992550546231897
168,CLEAN,2022-03-24,2050.0,2086.0,2008.15,100900,2019.9,-30.09999999999991,2047.315363189981,2037.4580944540935,2028.8191388446317,2026.9688627699163,2034.970932209949,2037.4167175424077,2099.0091115525397,2136.3417109547922,,-8.597578697776044,-31.615362490193288,23.017783792417244
169,CLEAN,2022-03-25,2034.0,2038.4,1982.0,106743,1990.45,-43.549999999999955,2028.3602421266542,2028.056475563275,2022.9161944069933,2023.6489658494215,2031.5462408992958,2033.9376941934825,2094.7471489265104,2133.3530356187116,,-11.02149978648913,-27.49658994945246,16.47509016296333
170,CLEAN,2022-03-28,2002.5,2002.5,1952.0,93324,1960.7,-41.799999999999955,2005.8068280844361,2014.58518045062,2013.3444721905294,2017.9263321123626,2026.0965238657107,2028.512669363032,2089.4847718352253,2129.818555351358,,-15.168197172502687,-25.030911394062507,9.86271422155982
171,CLEAN,2022-03-29,1969.7,2022.8,1969.7,131804,1986.95,17.25,1999.5212187229574,2009.0581443604963,2009.283784161216,2015.1103017064863,2023.0852496392563,2025.433947625029,2085.4596657973543,2126.895767521724,,-16.150163463812987,-23.254761808012606,7.104598344199619
172,CLEAN,2022-03-30,2014.0,2024.6,1975.0,119398,2013.55,-0.4500000000000455,2004.1974791486382,2009.9565154883971,2009.9401250594906,2014.9684560870135,2022.3517681873066,2024.553653755185,2082.6368930561234,2124.578473270876,,-14.613528695694413,-21.52651518554897,6.912986489854557
173,CLEAN,2022-03-31,2014.7,2048.0,1988.8,98831,1992.4,-22.299999999999955,2000.264986099092,2006.445212390718,2007.2416442811066,2012.916778132161,2020.0477839590246,2022.1718979846485,2079.0948327293368,2121.877889414662,,-14.930253703541894,-20.207262889147554,5.27700918560566
174,CLEAN,2022-04-01,1999.7,2040.0,1995.85,77532,2016.45,16.75,2005.6599907327281,2008.4461699125745,2008.6583143917062,2013.237980138472,2019.7710311183778,2021.7480530896296,2076.635932487789,2119.7252107573127,,-13.089738697923394,-18.783758050902723,5.694019352979328
175,CLEAN,2022-04-04,2041.0,2078.85,2039.4,113856,2043.55,2.5499999999999545,2018.2899938218188,2015.46693593006,2014.026266023752,2015.993618450627,2021.6001839643498,2023.363014236346,2075.3373082477888,2118.1707860474176,,-9.336748212594102,-16.894356083241,7.557607870646898
176,CLEAN,2022-04-05,2059.7,2059.7,2025.0,92777,2030.7,-28.999999999999773,2022.4266625478792,2018.5135487440482,2016.591455866252,2017.3305622908817,2022.3001703055083,2023.9064953227303,2073.585352213699,2116.386942134415,,-7.315039456478189,-14.978492757888437,7.663453301410248
177,CLEAN,2022-04-06,2027.4,2034.45,1991.75,117256,1999.35,-28.050000000000182,2014.7344416985861,2014.680838995239,2013.9389241945207,2015.6959656489166,2020.5347714436912,2022.0874936255534,2070.671807789414,2114.001549202454,,-8.148569431032683,-13.612508092517286,5.463938661484603
178,CLEAN,2022-04-07,2001.0,2022.95,1981.5,99578,1990.2,-10.799999999999955,2006.556294465724,2009.7846711961913,2010.286782010748,2013.3781504996034,2018.201326088248,2019.7254546035297,2067.513598862867,2111.479744704196,,-9.438672592781586,-12.777740992570148,3.3390683997885624
179,CLEAN,2022-04-08,2001.0,2028.6,1982.7,95898,1990.4,-10.599999999999909,2001.1708629771492,2005.9077369569532,2007.2272770860175,2011.289227652911,2016.0627613601112,2017.5531966146168,2064.487278923355,2109.0147821260894,,-10.325919528599343,-12.287376699775988,1.9614571711766455
180,CLEAN,2022-04-11,1993.5,2020.0,1963.7,94004,1975.65,-17.84999999999991,1992.6639086514326,1999.8561895655628,2002.369234457399,2008.0492977619408,2012.9540858221244,2014.4492533563398,2061.000965703638,2106.3012278752676,,-12.080018898940807,-12.245905139608952,0.1658862406681454
181,CLEAN,2022-04-12,1973.4,1976.0,1926.0,83162,1944.85,-28.550000000000182,1976.725939100955,1988.8549516524504,1993.5201214639526,2002.3039068881,2007.7153075206213,2009.2937488502903,2056.442887558934,2103.0179916697825,,-15.773627386337694,-12.9514495889547,-2.8221777973829933
182,CLEAN,2022-04-13,1953.0,1968.8,1931.0,56648,1953.35,0.34999999999990905,1968.9339594006367,1981.7539613219603,1987.3401027771904,1997.853551598005,2003.5333589689283,2005.1497642853474,2052.3973530370654,2099.976000536834,,-17.809661508156978,-13.923091972795158,-3.8865695353618204
183,CLEAN,2022-04-18,1940.0,1940.0,1909.45,50486,1932.0,-8.0,1956.6226396004247,1971.8031690575683,1978.8262408114683,1991.866864944241,1998.030790684672,1999.7312593909098,2047.672885461942,2096.563684906951,,-20.905018579441503,-15.319477294124429,-5.585541285317074
184,CLEAN,2022-04-19,1950.0,1958.0,1900.0,43061,1905.55,-44.450000000000045,1939.598426400283,1958.5525352460547,1967.552972994319,1984.0198770494308,1990.9168810718759,1992.754865233029,2042.0960334696224,2092.6853617003117,,-25.201892238710116,-17.295960283041566,-7.9059319556685494
185,CLEAN,2022-04-20,1914.0,1939.8,1899.0,93112,1900.75,-13.25,1926.6489509335217,1946.9920281968439,1957.2755925336542,1976.4498880753797,1983.980964769973,1985.9396858938373,2036.549797773142,2088.7902798859204,,-28.664093360183188,-19.569586898469893,-9.094506461713294
186,CLEAN,2022-04-21,1914.0,1925.0,1900.4,74620,1910.2,-3.7999999999999545,1921.1659672890146,1939.6336225574753,1950.0331936823227,1970.4271708681317,1978.3055041488979,1980.3293356374177,2031.5921091194666,2085.167800682865,,-30.29614195509498,-21.714897909794914,-8.581244045300068
187,CLEAN,2022-04-22,1898.7,2031.85,1890.05,221467,1983.05,84.34999999999991,1941.7939781926764,1948.3168980459802,1955.1127023465808,1971.574700808175,1978.6704654746204,1980.530866435818,2029.6874654628343,2083.0974669443112,,-25.41816408923728,-22.455551145683387,-2.962612943553893
188,CLEAN,2022-04-25,1955.0,2023.8,1945.35,105181,1953.95,-1.0499999999999545,1945.8459854617843,1949.4435184367844,1954.9338250624915,1969.9724552560874,1976.7688906955714,1978.5619124177613,2026.7158224825814,2080.480369683909,,-23.628087355269827,-22.690058387600676,-0.9380289676691511
189,CLEAN,2022-04-26,1971.0,1995.0,1920.0,76165,1926.2,-44.799999999999955,1939.2973236411897,1944.7948147494276,1950.513236591339,1965.9931410875479,1972.878975060319,1974.683250508181,2022.772053857265,2077.35541404374,,-24.17001391684198,-22.986049493448938,-1.1839644233930429
190,CLEAN,2022-04-27,1909.0,1930.0,1900.0,50896,1905.0,-4.0,1927.8648824274599,1936.8358517995423,1943.5112001926711,1960.448310010742,1967.6575142429208,1969.5215261159703,2018.1513224247947,2073.865928547741,,-26.010325923299206,-23.59090477941899,-2.4194211438802142
191,CLEAN,2022-04-28,1907.0,1923.95,1887.0,58005,1897.2,-9.799999999999955,1917.64325495164,1928.9086814396342,1936.3864001630293,1954.6984635812269,1962.2377043077497,1964.1643739841597,2013.4059433083091,2070.2907599155487,,-27.777973821130445,-24.428318587761282,-3.3496552333691625
192,CLEAN,2022-04-29,1922.7,1957.0,1904.3,101891,1945.4,22.700000000000045,1926.8955033010934,1932.2069451517075,1937.7731078302554,1953.853148701532,1960.9424960309996,1962.7744198634196,2010.7378605325566,2067.7644582874295,,-25.00131203316414,-24.542917276841855,-0.458394756322285
193,CLEAN,2022-05-02,1933.4,1933.4,1895.0,42881,1900.6,-32.80000000000018,1918.1303355340624,1925.885556121366,1932.0541681640623,1949.0119533198672,1956.3007647298723,1958.168905770622,2006.4168879458305,2064.384480695579,,-26.11473760655963,-24.857281342785413,-1.2574562637742162
194,CLEAN,2022-05-04,1908.6,1914.4,1861.0,50358,1869.5,-39.09999999999991,1901.920223689375,1914.608444897093,1922.4304499849757,1941.7835938658511,1949.6237817159206,1951.6008366821334,2001.045399624091,2060.4456632385204,,-29.17038669715771,-25.719902413659874,-3.450484283497836
195,CLEAN,2022-05-05,1880.0,1901.0,1851.5,53674,1866.25,-13.75,1890.03014912625,1904.9367559176746,1913.787303833441,1934.9169034614704,1943.21041290599,1945.2785507059223,1995.757225906461,2056.522372345564,,-31.49124687248127,-26.874171305424156,-4.617075567057114
196,CLEAN,2022-05-06,1835.0,1847.55,1797.0,95958,1822.15,-12.849999999999909,1867.4034327508334,1888.3794047341398,1899.6892570898344,1924.6653667113046,1933.898072130619,1936.1579149459455,1988.9465260742872,2051.789297502608,,-36.46865785611112,-28.793068615561552,-7.67558924054957
197,CLEAN,2022-05-09,1811.0,1816.0,1789.0,56062,1800.0,-11.0,1844.935621833889,1870.7035237873117,1884.352448306783,1913.3321514835209,1923.598219079506,1926.0721410373524,1981.5341675604654,2046.7064894586754,,-41.71969273056948,-31.378393438563137,-10.34129929200634
198,CLEAN,2022-05-10,1820.0,1824.0,1764.0,51933,1767.6,-52.40000000000009,1819.1570812225928,1850.0828190298496,1866.3905331826625,1900.0837739991887,1911.5983546228917,1914.3334613035308,1973.1416652027417,2041.0744031086572,,-47.94292812086837,-34.691300375024184,-13.25162774584419
199,CLEAN,2022-05-11,1769.95,1790.0,1721.0,115146,1760.85,-9.100000000000136,1799.7213874817287,1832.2362552238799,1850.1535280776375,1887.4261581144283,1900.0023260503456,1902.9643136722805,1964.8137111231883,2035.421889431807,2060.0354626160088,-52.810785594642994,-38.315197418947946,-14.495588175695048
200,CLEAN,2022-05-12,1748.0,1748.0,1661.05,202294,1722.6,-25.40000000000009,1774.0142583211525,1810.309004179104,1830.5299083733855,1872.4419618504771,1886.3559918717363,1889.6039915845224,1955.3120750360329,2029.1141694708222,2056.1584254541876,-59.074083211136895,-42.466974577385734,-16.60710863375116
201,CLEAN,2022-05-13,1751.0,1768.55,1710.25,168323,1714.5,-36.5,1754.1761722141018,1791.1472033432833,1812.6791532390184,1858.083601619766,1873.1362989324668,1876.6333232431518,1945.8655420832663,2022.7726054470477,2052.238901627644,-63.9541700041334,-46.764413662735265,-17.189756341398137
202,CLEAN,2022-05-16,1730.0,1739.15,1707.95,33779,1724.25,-5.75,1744.200781476068,1777.767762674627,1799.0746681253231,1845.916910515289,1861.683505701805,1865.3456678178393,1937.1721527784075,2016.7575265558446,2048.4819127179444,-66.27099969251617,-50.66573086869145,-15.605268823824723
203,CLEAN,2022-05-17,1710.1,1740.7,1710.1,45801,1729.6,19.5,1739.3338543173786,1768.1342101397017,1788.3862576445042,1835.3426458849585,1851.5232352093674,1855.2904316372894,1929.0297432787142,2010.9734582651852,2044.8347276522227,-66.90417399278522,-53.913419493510204,-12.990754499275013
204,CLEAN,2022-05-18,1740.0,1740.0,1701.0,54057,1709.2,-30.799999999999955,1729.2892362115856,1756.3473681117614,1776.2037564684267,1823.875132585195,1840.5752932207615,1844.4689166606631,1920.4066032449261,2004.8970577698303,2041.0016341250716,-68.26516019223641,-56.78376763325545,-11.481392558980957
205,CLEAN,2022-05-19,1679.0,1710.0,1674.0,51663,1701.1,22.09999999999991,1719.892824141057,1745.2978944894094,1764.6493323963612,1812.7137568624555,1829.8464237709125,1833.8489955250038,1911.8040767161683,1998.7819511520433,2037.125509296537,-69.19966312864267,-59.2669467323329,-9.932716396309772
206,CLEAN,2022-05-20,1725.1,1725.1,1702.0,30742,1709.9,-15.199999999999818,1716.5618827607047,1738.2183155915277,1756.2263581815364,1803.367051667885,1820.6197752006558,1824.667587341965,1903.8842640350947,1992.968970013355,2033.3993544252605,-68.44122916042852,-61.101803217952025,-7.339425942476495
207,CLEAN,2022-05-23,1725.0,1729.3,1700.0,35516,1703.6,-21.40000000000009,1712.2412551738032,1731.2946524732222,1748.129995384377,1794.2973196757973,1811.6182535019577,1815.6996169079523,1896.0280675563065,1987.148053708645,2029.6492792412703,-67.56962152357528,-62.395366879076676,-5.174254644498603
208,CLEAN,2022-05-24,1720.0,1728.0,1684.15,43793,1698.65,-21.34999999999991,1707.7108367825356,1724.7657219785776,1740.517688402165,1785.6021087767613,1802.9283873761883,1807.0292740184336,1888.2859411998804,1981.3464778766477,2025.8908988673477,-66.51158561626858,-63.21861062651506,-3.2929749897535174
209,CLEAN,2022-05-25,1717.0,1717.0,1656.6,40607,1665.95,-51.049999999999955,1693.7905578550237,1713.0025775828624,1729.0457363402936,1774.7246443204272,1792.3915878192115,1796.5789564241513,1879.5649258065396,1975.0059362999905,2021.8096283180455,-67.53322008385771,-64.08153251798359,-3.451687565874124
210,CLEAN,2022-05-26,1679.0,1694.95,1612.0,133637,1674.05,-4.9500000000000455,1687.2103719033491,1705.2120620662897,1720.5848538264022,1765.5724039107695,1783.288388335091,1787.5027366253319,1871.5037772982967,1968.957521820275,2017.8719452108073,-66.91788279892967,-64.6488025741728,-2.2690802247568627
211,CLEAN,2022-05-27,1690.0,1700.0,1668.95,69577,1676.2,-13.799999999999955,1683.5402479355662,1699.409649653032,1713.7564147761864,1757.4476399052494,1775.0508196498738,1779.2580887912939,1863.8432172677929,1963.0756109767253,2014.008496517308,-65.50167401510748,-64.81937686235975,-0.6822971527477364
212,CLEAN,2022-05-30,1702.0,1748.0,1699.05,149785,1716.9,14.900000000000091,1694.6601652903773,1702.9077197224258,1714.2400432721574,1753.7614908173314,1770.5776795004938,1774.6389707520566,1858.0795899701332,1958.1310274141613,2010.6535016334274,-60.39892747989916,-63.935286985867634,3.536359505968477
213,CLEAN,2022-05-31,1719.0,1819.0,1707.9,191913,1748.65,29.65000000000009,1712.6567768602515,1712.056175777941,1719.5338827687485,1753.2968098332933,1768.8909348621626,1772.7138616720122,1853.787411974996,1953.9246693714301,2007.6988825750232,-53.179978903263645,-61.784225369346835,8.60424646608319
214,CLEAN,2022-06-01,1748.0,1829.9,1727.05,222402,1814.75,66.75,1746.687851240168,1732.594940622353,1734.182516188941,1758.8834634918544,1772.4185553758564,1775.8276498991609,1852.256251501634,1951.130832416341,2005.5258770079574,-41.64513371021985,-57.75640703752144,16.11127332730159
215,CLEAN,2022-06-02,1829.0,1829.0,1783.05,66824,1818.2,-10.799999999999955,1770.525234160112,1749.7159524978824,1747.108282929104,1764.2758759078654,1775.9402050715062,1778.9663426885522,1850.9204762180127,1948.4630627889705,2003.4189620888599,-31.858059759448224,-52.576737581906805,20.71867782245858
216,CLEAN,2022-06-03,1846.0,1846.0,1791.2,87141,1807.3,-38.700000000000045,1782.7834894400746,1761.2327619983062,1756.3685470938572,1768.1871599203162,1778.352497058115,1781.065132236253,1849.2095788750748,1945.6308375723893,2001.2160058897925,-24.69658514239586,-47.00070709400462,22.304121951608757
217,CLEAN,2022-06-06,1800.0,1806.95,1749.8,146323,1764.25,-35.75,1776.6056596267165,1761.836209598645,1757.581078310187,1767.8292362908576,1777.2676895634502,1779.8195668210044,1845.8772871957626,1941.9926544608188,1998.5576342437764,-22.238488510817433,-42.048263377367185,19.809774866549752
218,CLEAN,2022-06-07,1748.0,1809.95,1745.05,71041,1781.2,33.200000000000045,1778.137106417811,1765.708967678916,1761.2147585701584,1769.0447602654629,1777.570174989022,1779.921821135456,1843.3405254778174,1938.7682607095076,1996.1223247698958,-18.70706256529752,-37.38002321495325,18.672960649655728
219,CLEAN,2022-06-08,1786.0,1807.0,1748.05,45587,1757.3,-28.700000000000045,1771.1914042785409,1764.027174143133,1760.6124880209031,1767.9770547859484,1776.0109307240018,1778.2461306066814,1839.9658791496006,1935.1301702825353,1993.4498725074757,-17.63364258577826,-33.43074708911825,15.797104503339988
220,CLEAN,2022-06-09,1750.0,1769.0,1730.0,62952,1742.5,-7.5,1761.6276028523607,1759.7217393145065,1757.8259514023027,1765.6609588946687,1773.4331667685983,1775.5982689715565,1836.143134842376,1931.2692551611337,1990.6451889072516,-17.7723175692538,-30.29906118514536,12.526743615891558
221,CLEAN,2022-06-10,1721.0,1738.0,1705.0,27959,1712.1,-8.900000000000091,1745.1184019015739,1750.1973914516052,1750.7911896481023,1760.7917808101852,1768.715230772839,1770.8946933133873,1831.2780220310572,1926.8774723777758,1987.535904642075,-20.10350366528496,-28.259949681173282,8.15644601588832
222,CLEAN,2022-06-13,1695.0,1695.0,1631.0,136307,1676.15,-18.84999999999991,1722.1289346010492,1735.3879131612844,1739.3079297022405,1753.0970734592797,1761.5948282796442,1763.876567635751,1825.193757759145,1921.8545031739843,1984.064241927265,-24.568637933510445,-27.521687331640713,2.9530493981302683
223,CLEAN,2022-06-14,1645.5,1683.0,1645.5,38413,1659.6,14.099999999999909,1701.2859564006994,1720.2303305290275,1727.0451712865113,1744.5973395038918,1753.7490721299228,1756.1523771887819,1818.69905168144,1916.6018227881111,1980.4510994427492,-29.107205902270607,-27.838791045766694,-1.268414856503913
224,CLEAN,2022-06-15,1675.0,1708.9,1655.1,66735,1688.0,13.0,1696.857304267133,1713.784264423222,1721.0382218578175,1739.4521268192193,1748.6914511205612,1751.10405280024,1813.5729668240547,1912.0242089515561,1977.1983023962332,-30.065830942422508,-28.28419902509786,-1.781631917324649
225,CLEAN,2022-06-16,1725.0,1725.0,1626.0,52365,1635.75,-89.25,1676.4882028447555,1698.1774115385776,1707.916956956615,1730.0246607405795,1740.0036470672414,1742.5593079096275,1806.5986911953687,1906.4932144810555,1973.4049791894822,-34.64235095301251,-29.555829410680794,-5.086521542331717
226,CLEAN,2022-06-17,1621.1,1629.45,1568.0,160473,1572.65,-48.44999999999982,1641.8754685631702,1673.0719292308625,1687.1066558863663,1715.7178733947803,1727.1302894350704,1729.9734329240503,1797.423188694158,1899.8111481409794,1968.957943160143,-42.86677703768396,-32.21801893608143,-10.648758101602532
227,CLEAN,2022-06-20,1574.0,1595.0,1490.0,132220,1501.8,-72.20000000000005,1595.1836457087802,1638.8175433846902,1658.5979395961558,1696.2707939881536,1709.7971900421132,1713.0716967470287,1785.8288549594017,1891.8464245245204,1963.7799929505372,-54.47375715087287,-36.66916657903972,-17.804590571833153
228,CLEAN,2022-06-21,1520.5,1532.2,1485.95,100350,1501.35,-19.15000000000009,1563.9057638058537,1611.3240347077524,1634.4059488890548,1678.55072180153,1693.7627906325022,1697.3886077512507,1774.6716495400146,1884.0337157718632,1958.6602512552151,-62.982658862195876,-41.93186503567095,-21.050793826524924
229,CLEAN,2022-06-22,1500.0,1500.0,1450.0,89039,1460.4,-39.59999999999991,1529.4038425372357,1581.139227766202,1607.635802906123,1658.7188379954064,1675.8118065562248,1679.8338957054525,1762.3460272802681,1875.5597636061857,1953.1499966425183,-72.19809279932952,-47.98511058840267,-24.212982210926846
230,CLEAN,2022-06-23,1467.5,1494.7,1445.0,62423,1465.9,-1.599999999999909,1508.2358950248238,1558.091382212962,1585.8302947667196,1641.189852718288,1659.6647443627614,1663.9869401666706,1750.7195655982348,1867.3669796810937,1947.76747213518,-78.156645399951,-54.01941755071234,-24.137227849238663
231,CLEAN,2022-06-24,1496.9,1521.25,1452.65,95453,1458.3,-38.600000000000136,1491.5905966832158,1538.1331057703696,1566.2102494179933,1624.5635024670244,1644.1751485091256,1648.7508702564314,1739.2510632961614,1859.1876622930818,1942.3663740125487,-82.54062083843814,-59.723658208257504,-22.81696263018064
232,CLEAN,2022-06-27,1500.0,1509.5,1469.65,84302,1473.65,-26.34999999999991,1485.6103977888106,1525.236484616296,1551.9702110459943,1610.8440931487298,1631.0578292887415,1635.780435211166,1728.83440300566,1851.4803030453697,1937.1998593516496,-83.81022416517158,-64.54097139964031,-19.269252765531263
233,CLEAN,2022-06-28,1469.0,1482.8,1450.7,98731,1459.9,-9.099999999999909,1477.0402651925403,1512.1691876930367,1537.8055631927643,1597.1219028596536,1617.8918423237449,1622.7522546284895,1718.287048833641,1843.6536251144369,1931.9443678030882,-84.94669143572514,-68.62211540685728,-16.324576028867867
234,CLEAN,2022-06-29,1450.2,1514.8,1450.2,132024,1500.15,49.950000000000045,1484.7435101283602,1509.7653501544296,1532.0123996246468,1588.3062753253062,1608.8347774682497,1613.6706060105553,1709.7319479356631,1836.789148597086,1927.1949691296409,-81.65820638590844,-71.22933360266751,-10.428872783240934
235,CLEAN,2022-06-30,1500.0,1537.05,1453.0,164082,1490.05,-9.950000000000045,1486.5123400855734,1505.8222801235438,1525.5566458362396,1579.3738866578478,1599.6974868366262,1604.5135239653387,1701.1162856704582,1829.8612733148213,1922.3917564503104,-78.9568781290991,-72.77484250795384,-6.1820356211452605
236,CLEAN,2022-07-01,1486.95,1490.0,1456.0,77405,1458.95,-28.0,1477.3248933903824,1496.447824098835,1515.3094695537413,1568.426260596348,1588.8707570174631,1593.7310405794392,1691.6188442396933,1822.4517567115881,1917.304880194385,-78.42157102569786,-73.90418821150264,-4.517382814195216
237,CLEAN,2022-07-04,1458.0,1500.0,1452.0,108998,1457.0,-1.0,1470.5499289269217,1488.5582592790684,1506.3387819300888,1558.2966005407084,1578.726852577451,1583.6028152389551,1682.4174310018952,1815.1525762530785,1912.257613995979,-77.26403330886637,-74.5761572309754,-2.6878760778909765
238,CLEAN,2022-07-05,1465.0,1488.05,1455.25,73967,1460.2,-4.7999999999999545,1467.0999526179478,1482.8866074232549,1499.2405077869985,1549.378727763139,1569.609402334339,1574.4618658680852,1673.7024083794379,1808.0643087625792,1907.305804591072,-75.22135808108669,-74.70519740099766,-0.5161606800890297
239,CLEAN,2022-07-06,1467.3,1474.5,1440.9,87805,1467.6,0.2999999999999545,1467.266635078632,1479.829285938604,1494.3727373582294,1541.944297965625,1561.7625251960692,1566.5461720247802,1665.6194142414859,1801.2665060161305,1902.4941255076621,-72.17343466655075,-74.19884485410829,2.02541018755754
240,CLEAN,2022-07-07,1480.0,1559.85,1480.0,227260,1499.4,19.40000000000009,1477.977756719088,1483.7434287508836,1495.14616238004,1538.0766345137956,1556.9654078531894,1561.5723814606172,1659.100582184563,1795.2403475137758,1898.0874607413634,-66.42621908057708,-72.64431969940205,6.218100618824963
241,CLEAN,2022-07-08,1515.0,1551.0,1508.2,101001,1522.45,7.4500000000000455,1492.8018378127254,1491.484743000707,1499.346752783111,1536.6560313760413,1554.3103764695957,1558.674427254715,1653.7414011926103,1789.7955127973687,1893.9849829619075,-59.32767447160404,-69.98099065384244,10.653316182238399
242,CLEAN,2022-07-11,1516.0,1516.0,1482.1,209516,1506.0,-10.0,1497.2012252084835,1494.3877944005658,1500.370329278017,1533.869119432521,1550.594193650971,1554.7726177989757,1647.9472731513029,1784.131911130127,1889.751764247285,-54.40228852095879,-66.86525022726572,12.462961706306928
243,CLEAN,2022-07-12,1499.7,1528.0,1483.35,86310,1500.15,0.4500000000000455,1498.184150138989,1495.5402355204528,1500.3364324660142,1530.803744938412,1546.7138710496436,1550.726497933724,1642.1509675587447,1778.4654658876746,1885.5049843519976,-50.390065467709746,-63.570213275354526,13.18014780764478
244,CLEAN,2022-07-13,1508.4,1613.9,1508.4,454384,1603.55,95.14999999999986,1533.3061000926593,1517.1421884163624,1516.215442855858,1537.4170408535795,1551.085880982205,1554.6393499639655,1640.6371202894595,1774.9758115391326,1882.434504839953,-38.423907108107414,-58.5409520419051,20.117044933797686
245,CLEAN,2022-07-14,1614.0,1624.0,1555.0,167991,1570.55,-43.450000000000045,1545.7207333951062,1527.82375073309,1524.5746054934182,1540.4291280489065,1552.583120910856,1555.8179166403663,1637.8884595191005,1770.898016186473,1879.0412826009483,-31.243311146948145,-53.08142386291372,21.838112715965572
246,CLEAN,2022-07-15,1576.0,1585.0,1551.05,142390,1558.0,-18.0,1549.8138222634043,1533.8590005864721,1529.716973879046,1542.026480044556,1552.9998039187935,1555.9795524456808,1634.7554185898548,1766.6518391971852,1875.5516805567313,-26.26257856663483,-47.71765480365794,21.455076237023114
247,CLEAN,2022-07-18,1565.0,1625.0,1560.0,213043,1607.5,42.5,1569.0425481756029,1548.5872004691778,1541.6835932822696,1547.9786182226467,1557.1921267043044,1559.7958819137623,1633.6865261452901,1763.4780638512827,1872.640732515115,-18.112288631492675,-41.79658156922489,23.684292937732216
248,CLEAN,2022-07-19,1609.0,1697.0,1601.25,174402,1690.65,81.65000000000009,1609.5783654504019,1576.9997603753422,1564.601502008074,1560.9487438394099,1567.4581169804992,1569.4887795959053,1635.9204932860168,1762.025943665006,1870.6661721155479,-4.8872775878312495,-34.41472077294616,29.52744318511491
249,CLEAN,2022-07-20,1710.0,1736.9,1662.0,160461,1669.9,-40.09999999999991,1629.6855769669346,1595.579808300274,1580.801270929909,1570.853403490817,1575.3382618442229,1576.9266478067589,1637.2530833799403,1760.1892943697128,1868.4898598974762,3.8746231231500587,-26.75685199372692,30.631475116876977
250,CLEAN,2022-07-21,1674.0,1706.2,1655.0,79098,1697.8,23.799999999999955,1652.390384644623,1616.0238466402195,1598.8010754022305,1582.3940031739407,1584.7583955662458,1585.8802294872312,1639.6275757032254,1758.945650493226,1866.641220831926,12.92084591499929,-18.82131241198168,31.74215832698097
251,CLEAN,2022-07-22,1693.85,1747.5,1693.85,93072,1736.4,42.55000000000018,1680.393589763082,1640.099077312176,1619.970140724964,1596.394548340465,1596.423134389111,1597.0298421599255,1643.422731573568,1758.4962934327978,1865.2318970286146,22.940298565038574,-10.46899021657763,33.409288781616205
252,CLEAN,2022-07-25,1747.5,1775.8,1735.0,98698,1757.85,10.349999999999909,1706.212393175388,1663.649261849741,1641.1824267672773,1611.0723166736448,1608.8405856098652,1608.9424464860429,1647.9102558849331,1758.4834138285287,1864.0709418379913,32.239980281234466,-1.927196117015212,34.16717639824968
253,CLEAN,2022-07-26,1759.5,1759.7,1685.0,83023,1687.7,-71.79999999999995,1700.0415954502587,1668.459409479793,1648.3389764953886,1618.038469703527,1614.9066944180877,1614.7763393578225,1649.470698294602,1757.072990852437,1862.1657550509265,33.56263713756607,5.170770533901045,28.391866603665026
254,CLEAN,2022-07-27,1670.0,1837.0,1640.0,641346,1752.55,82.54999999999995,1717.5443969668393,1685.2775275838346,1664.371441649944,1630.2667906399106,1625.494641015782,1624.9817957322912,1653.5131739075196,1756.9828773714812,1860.9826762172386,39.38964591765284,12.014545610651405,27.37510030700144
255,CLEAN,2022-07-28,1756.0,1773.0,1685.0,295075,1699.25,-56.75,1711.4462646445597,1688.0720220670678,1669.7373737037988,1636.5379914909868,1631.1681301755714,1630.4831442118411,1655.306838900222,1755.8327802431897,1859.2385711431436,39.25422949195763,17.46248238691265,21.79174710504498
256,CLEAN,2022-07-29,1718.0,1728.3,1681.0,109551,1687.35,-30.65000000000009,1703.4141764297065,1687.9276176536546,1672.447008518599,1641.1572649919126,1635.4898124747906,1634.6955039106824,1656.563476512494,1754.4686965750209,1857.3864901053478,37.75150460791656,21.520286831113435,16.231217776803124
257,CLEAN,2022-08-01,1705.0,1705.0,1675.0,83603,1677.55,-27.450000000000045,1694.792784286471,1685.8520941229237,1673.232084131122,1644.4656954472625,1638.725211518669,1637.8699110359662,1657.3865045291143,1752.9367596597392,1855.450367700706,35.36217309515587,24.288664083921923,11.073509011233945
258,CLEAN,2022-08-02,1675.0,1705.0,1665.0,94797,1670.5,-4.5,1686.695189524314,1682.7816752983395,1672.811763495565,1646.8324504066475,1641.1694260196582,1640.2869546682593,1657.900775520226,1751.2951109632354,1853.4608122244135,32.524808827305606,25.93589303259866,6.588915794706946
259,CLEAN,2022-08-03,1667.5,1701.15,1656.3,87749,1663.1,-4.400000000000091,1678.8301263495425,1678.845340238672,1671.3176460347088,1648.3113185515233,1642.85639325046,1641.9768098814666,1658.104672872798,1749.5389870307438,1851.4147064875983,29.340836153242208,26.616881656727372,2.7239544965148355
260,CLEAN,2022-08-04,1670.0,1688.7,1623.0,112160,1629.0,-41.0,1662.2200842330283,1668.8762721909377,1664.8072389524457,1646.5557441377207,1641.7905168456773,1641.0155647032452,1656.9632798253017,1747.1391016844705,1849.0259743214963,23.79167424920047,26.051840175221994,-2.260165926021525
261,CLEAN,2022-08-05,1636.9,1662.0,1625.35,72440,1633.85,-3.050000000000182,1652.7633894886856,1661.8710177527503,1660.0445868059157,1645.4006764888204,1641.1797078570714,1640.4847821317057,1656.056851266417,1744.8838015541814,1846.7168097279882,19.55980467421,24.753433075019597,-5.193628400809597
262,CLEAN,2022-08-08,1636.4,1642.8,1603.0,75507,1609.2,-27.200000000000045,1638.2422596591239,1651.3368142022005,1652.2223426819287,1642.109705898885,1638.7197303278324,1638.1673908589362,1654.2192781585925,1742.1829643907054,1844.169883914806,14.054951822992507,22.613736824614183,-8.558785001621676
263,CLEAN,2022-08-10,1612.7,1627.0,1595.0,68570,1600.5,-12.200000000000045,1625.6615064394161,1641.1694513617606,1644.2650591924012,1638.327005362578,1635.7797510698902,1635.3772137540886,1652.112585243765,1739.3630032056406,1841.5589957611123,8.887845438312524,19.868558547353853,-10.980713109041329
264,CLEAN,2022-08-12,1610.6,1634.8,1600.0,87503,1621.75,11.150000000000091,1624.357670959611,1637.2855610894087,1640.8012039320317,1636.8200048750543,1634.700539448467,1634.3677905116429,1650.9218660003014,1737.0223513255112,1839.2055730789546,6.433413420388888,17.18152952196086,-10.748116101571974
265,CLEAN,2022-08-16,1637.9,1664.0,1625.2,86737,1644.0,6.099999999999909,1630.9051139730739,1638.6284488715273,1641.2933264040269,1637.472731704601,1635.415882568221,1635.0812875116978,1650.6504137857087,1735.1712692840783,1837.1171508878497,6.212038892329019,14.987631396034494,-8.775592503705475
266,CLEAN,2022-08-17,1653.9,1680.0,1648.0,154566,1673.05,19.149999999999864,1644.9534093153825,1645.512759097222,1646.178968495715,1640.7070288223933,1638.3108146798718,1637.8937847364027,1651.5288491069523,1733.9352182540508,1835.3631781083172,8.285183759312304,13.647141868690056,-5.361958109377753
267,CLEAN,2022-08-18,1676.5,1771.0,1671.05,501604,1736.5,60.0,1675.4689395435882,1663.7102072777777,1660.0745118040666,1649.4154807477007,1645.8638289389128,1645.1979488380564,1654.8611246359058,1733.9862458444513,1834.3070554069143,14.87656296601017,13.89302608815408,0.9835368778560891
268,CLEAN,2022-08-19,1748.8,1766.0,1705.05,209222,1744.7,-4.099999999999909,1698.5459596957255,1679.9081658222224,1673.093817680364,1658.0777097707007,1653.4666113316152,1652.5684711538736,1658.3842924841517,1734.1993813062245,1833.3505134009301,20.525346526490466,15.21949017582136,5.3058563506691065
269,CLEAN,2022-08-22,1744.0,1744.7,1699.0,106255,1704.0,-40.0,1700.3639731304836,1684.7265326577783,1677.848614960308,1662.2524634279375,1657.3537950769362,1656.3782140349658,1660.17318019918,1733.5986610422717,1831.9707156896131,21.47040092534212,16.46967232572551,5.0007285996166075
270,CLEAN,2022-08-23,1677.0,1718.35,1677.0,76599,1702.25,25.25,1700.9926487536559,1688.231226126223,1681.6026741971834,1665.8886031163288,1660.8073493030986,1659.776124109424,1661.8232838586134,1732.9751355369315,1830.5879602457305,21.826550087759415,17.541047878132293,4.285502209627122
271,CLEAN,2022-08-24,1702.25,1745.0,1702.25,86463,1732.5,30.25,1711.495099169104,1697.0849809009785,1689.4330320130014,1671.9441846512414,1666.3221685894086,1665.1630778834622,1664.5949719040239,1732.9656859133902,1829.5431345663462,24.2699541295392,18.886829128413677,5.383125001125524
272,CLEAN,2022-08-25,1745.0,1819.0,1745.0,358879,1776.2,31.200000000000045,1733.0633994460693,1712.907984720783,1702.7817963186938,1681.4219860466305,1674.7743094698812,1673.3880350834522,1668.9717187445801,1733.825467407746,1828.9753258706573,29.393761235241527,20.988215549779248,8.405545685462279
273,CLEAN,2022-08-26,1791.9,1814.35,1777.0,143711,1783.9,-8.0,1750.0089329640462,1727.1063877766262,1715.2615199619715,1690.738169133343,1683.1685933593205,1681.5741065644404,1673.4787883997149,1734.8211930607804,1828.4958563597438,33.687413397531145,23.52805511932963,10.159358278201516
274,CLEAN,2022-08-29,1720.1,1755.8,1717.0,83346,1733.45,13.350000000000136,1744.4892886426976,1728.3751102213012,1718.0597476601297,1694.62106284851,1687.0363938712085,1685.4167653399172,1675.8306398416707,1734.7939293227037,1827.4855406001968,32.64298232021247,25.3510405595062,7.291941760706269
275,CLEAN,2022-08-30,1746.7,1780.0,1730.0,74234,1740.0,-6.7000000000000455,1742.992859095132,1730.700088177041,1721.4351710970327,1698.7464207713883,1691.1105174206139,1689.4599679097394,1678.347125660253,1734.8974343803986,1826.5562207657865,31.975203187293346,26.675873085063632,5.299330102229714
276,CLEAN,2022-09-01,1727.0,1800.0,1725.1,113027,1767.15,40.15000000000009,1751.0452393967546,1737.990070541633,1728.468221697489,1704.9649279740108,1696.959708389633,1695.214785104785,1681.829644933488,1735.5386161988465,1825.9255989782218,33.25343659270402,27.99138578659171,5.26205080611231
277,CLEAN,2022-09-02,1767.15,1788.55,1750.0,59671,1756.3,-10.850000000000136,1752.796826264503,1741.6520564333066,1732.7500337440292,1709.6317527036608,1701.524346206805,1699.739615840075,1684.7500942112665,1735.9513208232024,1825.1869855345724,33.01041790395425,28.99519221006422,4.015225693890027
278,CLEAN,2022-09-05,1756.3,1800.0,1756.0,97842,1790.3,34.0,1765.2978841763352,1751.3816451466453,1741.6038747064863,1716.9652297306213,1708.353242653802,1706.447792447686,1688.8893650265054,1737.0316069843634,1824.8171352232227,35.156082258800325,30.227370219811444,4.9287120389888806
279,CLEAN,2022-09-06,1795.0,1818.0,1781.1,75632,1794.55,-0.4500000000000455,1775.0485894508902,1760.0153161173162,1749.74943244395,1724.0183906642192,1714.9837624508882,1712.973881898863,1693.0329759151691,1738.1748116899914,1824.4964705124637,36.775550545086844,31.53700628486653,5.238544260220316
280,CLEAN,2022-09-07,1785.0,1882.0,1777.65,524748,1838.35,53.34999999999991,1796.149059633927,1775.6822528938528,1763.3802889910346,1734.4121733311324,1724.4734730332075,1722.2610017619718,1698.7317575006005,1740.1656936660975,1824.64314702878,41.11928722906282,33.45346247370579,7.665824755357029
281,CLEAN,2022-09-08,1882.0,1897.5,1855.0,252715,1870.9,-11.099999999999909,1821.0660397559514,1794.7258023150825,1779.9217829924137,1746.8201575737833,1735.7370520324264,1733.271297931885,1705.483538383654,1742.7637205235987,1825.1325870721262,46.65048506052858,36.09286699107035,10.55761806945823
282,CLEAN,2022-09-09,1888.0,1935.0,1882.75,257707,1920.1,32.09999999999991,1854.077359837301,1819.800641852066,1801.4876625320423,1762.5728705216513,1749.9188172627619,1747.110461052852,1713.8999721316302,1746.2875996716296,1826.1367963097014,54.37720147919026,39.74973388869434,14.627467590495925
283,CLEAN,2022-09-12,1930.1,1937.3,1882.0,136717,1887.6,-42.5,1865.2515732248673,1833.360513481653,1814.7357144501896,1773.938973201521,1760.5096774747392,1757.517093570805,1720.711817184442,1749.095447964263,1826.7863183345087,57.218620879384616,43.243511286832394,13.975109592552222
284,CLEAN,2022-09-13,1900.0,1944.3,1869.2,224866,1875.95,-24.049999999999955,1868.817715483245,1841.8784107853226,1824.1532968424683,1783.2127029104886,1769.3897022854742,1766.2899014570635,1726.7996571123376,1751.6158508705182,1827.3055426621522,57.86339538540483,46.167488106546884,11.695907278857945
285,CLEAN,2022-09-14,1858.5,1940.0,1845.0,284981,1928.5,70.0,1888.711810322163,1859.202728628258,1840.2066357897809,1796.4206390095542,1781.6289559572213,1778.3054643154114,1734.7095594336622,1755.1300305849963,1828.3736186131714,61.90117147436945,49.3142247801114,12.586946694258046
286,CLEAN,2022-09-15,1945.0,1980.0,1915.05,172832,1955.15,10.150000000000091,1910.8578735481087,1878.3921829026065,1857.8902302836607,1810.8505809177957,1794.9767285773048,1791.405059554654,1743.3543717982911,1759.103593699179,1829.7108954946866,66.48517072900677,52.74841396989048,13.73675675911629
287,CLEAN,2022-09-16,1952.7,1969.0,1845.0,187177,1888.7,-64.0,1903.4719156987392,1880.4537463220854,1862.6301948554053,1817.9278008343683,1802.1862109951373,1798.6120921819402,1749.0542568653668,1761.677969759268,1830.3327590858264,64.01810267346514,55.00235171060541,9.015750962859727
288,CLEAN,2022-09-19,1899.0,1920.0,1865.0,97454,1902.1,3.099999999999909,1903.014610465826,1884.7829970576684,1868.7024725699584,1825.579818940343,1809.8718870731252,1806.277863133105,1755.056107884212,1764.4672175543028,1831.0888824460544,62.424609436853416,56.486803255855015,5.9378061809984
289,CLEAN,2022-09-20,1922.7,1927.3,1900.5,77632,1911.95,-10.75,1905.993073643884,1890.216397646135,1875.3559383284266,1833.431653582138,1817.7240496066133,1814.1054288285368,1761.2088658453504,1767.3965356481904,1831.940318290049,61.25050949988986,57.43954450466199,3.81096499522787
290,CLEAN,2022-09-21,1910.0,1959.0,1875.0,106315,1878.35,-31.65000000000009,1896.7787157625892,1887.8431181169083,1875.8165632009764,1837.5151396201293,1822.3875842526156,1818.8642859532424,1765.802676205664,1769.6001722067547,1832.4287110760538,56.952277247733946,57.342091053276384,-0.3898138055424383
291,CLEAN,2022-09-22,1852.0,1927.7,1852.0,80064,1874.7,22.700000000000045,1889.4191438417263,1885.214494493527,1875.6447842469802,1840.8955814728477,1826.411616233468,1823.0002647722401,1770.0731955698982,1771.6874272300406,1832.8732985758106,52.64451947474004,56.40257673756912,-3.758057262829084
292,CLEAN,2022-09-23,1870.0,1884.65,1850.0,65743,1851.7,-18.299999999999955,1876.8460958944843,1878.5115955948218,1871.9609712859062,1841.877801338953,1828.3568765233283,1825.1261710857498,1773.274272706822,1773.276364173131,1833.0711958061847,46.83480020015645,54.489021430086595,-7.654221229930144
293,CLEAN,2022-09-26,1825.0,1839.75,1750.0,163707,1759.5,-65.5,1837.730730596323,1854.7092764758577,1854.6592833957668,1834.3889103081342,1823.0601937135225,1820.2649732268214,1772.7341009371169,1773.0028004806409,1832.2982845931806,34.39431016894537,50.47007917785835,-16.075769008912985
294,CLEAN,2022-09-27,1760.0,1789.85,1726.55,58740,1732.85,-27.15000000000009,1802.7704870642153,1830.337421180686,1835.919393642572,1825.158100280116,1816.1209480428656,1813.789790023941,1771.1700068280484,1772.2055118218716,1831.2540983665856,22.12960361863111,44.801984066012906,-22.672380447381798
295,CLEAN,2022-09-28,1723.7,1743.95,1705.0,50248,1711.1,-12.600000000000136,1772.2136580428103,1806.489936944549,1816.7164100052532,1814.7891820728269,1808.042413577615,1806.1831389100842,1768.8143033272424,1770.9922444639215,1829.9931983362083,10.533271095169084,37.94824147184414,-27.414970376675058
296,CLEAN,2022-09-29,1730.0,1748.0,1708.0,33730,1722.1,-7.900000000000091,1755.5091053618735,1789.6119495556395,1802.1600392352145,1806.3628927934747,1801.431458686716,1799.9547582493406,1766.9823571925667,1770.0215267552803,1828.8615798354201,2.2052809858739693,30.79964937465011,-28.59436838877614
297,CLEAN,2022-09-30,1715.0,1767.0,1702.15,54260,1759.15,44.15000000000009,1756.7227369079155,1783.519559644512,1795.5431101221045,1802.0708116304297,1798.1790387875956,1796.9321835638732,1766.675203888965,1769.8056922744088,1828.1308156107673,-1.3890734417686872,24.36190481136635,-25.750978253135038
298,CLEAN,2022-10-03,1736.0,1778.8,1690.0,76112,1704.25,-31.75,1739.231824605277,1767.6656477156093,1781.4980162571653,1793.1780105731143,1790.953728111335,1790.0668366325192,1764.227141047314,1768.5042693375779,1826.8329036394691,-8.56882037535388,17.775759774022305,-26.344580149376185
299,CLEAN,2022-10-04,1730.0,1743.0,1695.0,65867,1707.55,-22.450000000000045,1728.671216403518,1755.6425181724876,1770.1213983714474,1785.3936459755553,1784.5380567179163,1783.9544783628694,1762.0044944304916,1767.294255378276,1825.5838225447378,-13.833079991421982,11.453991820933448,-25.28707181235543
300,CLEAN,2022-10-06,1715.0,1738.3,1676.0,89409,1690.0,-25.0,1715.7808109356786,1742.5140145379903,1757.7950293912247,1776.721496341411,1777.2658985085957,1776.994887372422,1759.1807721240316,1765.759948954213,1824.1647847841573,-19.199857981197283,5.323221860507303,-24.523079841704586
301,CLEAN,2022-10-07,1686.9,1710.5,1674.0,87841,1682.45,-4.4500000000000455,1704.6705406237859,1730.5012116303924,1746.2034864079594,1768.1513603103708,1769.972367853857,1769.991562381308,1756.1717051973935,1764.1063095479224,1822.6823443441856,-23.78807597334867,-0.4990377062638913,-23.289038267084777
302,CLEAN,2022-10-10,1661.2,1677.95,1658.0,108839,1665.2,4.0,1691.5136937491907,1717.440969304314,1733.7414115759657,1758.792145736698,1761.9129549417855,1762.2292244265582,1752.6041679368784,1762.14318697539,1821.035804214938,-28.48781285059249,-6.096792735129612,-22.39102011546288
303,CLEAN,2022-10-11,1666.05,1675.95,1640.0,49661,1642.05,-24.0,1675.0257958327938,1702.3627754434513,1719.6350405642786,1748.1792233969954,1752.692727638322,1753.3270596536058,1748.268687708008,1759.7596512194064,1819.1653817540591,-33.69201908932723,-11.615838005969136,-22.076181083358094
304,CLEAN,2022-10-12,1650.0,1653.65,1616.0,46936,1629.55,-20.450000000000045,1659.8671972218626,1687.8002203547612,1705.7758035543893,1737.3947485427204,1743.2202101274452,1744.1583885675673,1743.6130295139224,1757.1754474355978,1817.1848689661847,-38.38258501317796,-16.9691874074109,-21.41339760576706
305,CLEAN,2022-10-13,1629.7,1631.25,1610.0,66874,1613.0,-16.700000000000045,1644.2447981479083,1672.8401762838091,1691.50260300756,1726.0861350388345,1733.2032708866413,1734.442952376802,1738.4909252093212,1754.3141990350025,1815.053233817195,-42.94034936924186,-22.163419799777092,-20.776929569464766
306,CLEAN,2022-10-14,1643.0,1643.0,1600.4,45420,1605.95,-37.049999999999955,1631.479865431939,1659.4621410270474,1678.3406640833202,1715.1646682171202,1723.414557741307,1724.9249559039247,1733.2932177707037,1751.3699507719755,1812.8713202695678,-46.58429182060445,-27.047594203942563,-19.536697616661886
307,CLEAN,2022-10-17,1614.0,1630.0,1582.0,82732,1602.65,-11.349999999999909,1621.8699102879593,1648.0997128216381,1666.6959465320401,1704.9360620155621,1714.1249763764085,1715.8675517624338,1728.1699315081166,1748.4187688880688,1810.6788019114422,-49.17160523039365,-31.472396409232783,-17.69920882116087
308,CLEAN,2022-10-18,1617.0,1619.0,1600.55,43182,1605.0,-12.0,1616.2466068586393,1639.4797702573107,1657.2042624501878,1695.8509654686916,1705.730747424225,1707.655140520386,1723.3397174442034,1745.5729023188405,1808.5346877981308,-50.450878070198314,-35.26809274142589,-15.182785328772425
309,CLEAN,2022-10-19,1609.8,1614.7,1596.0,50236,1599.75,-10.049999999999955,1610.7477379057593,1631.5338162058488,1648.365145150159,1687.1145140624456,1697.5783822376097,1699.662167148158,1718.4930419296766,1742.679449245901,1806.35922802204,-51.29702199799908,-38.47387859274053,-12.823143405258548
310,CLEAN,2022-10-20,1599.0,1670.0,1580.0,290815,1613.5,14.5,1611.6651586038395,1627.9270529646792,1643.001276665519,1680.422285511313,1691.1108143730783,1693.2797843961855,1714.375651470453,1740.1163427596969,1804.3506484837415,-50.27850773066643,-40.83480442032572,-9.443703310340716
311,CLEAN,2022-10-21,1615.0,1675.0,1615.0,255440,1665.05,50.049999999999955,1629.460105735893,1635.3516423717435,1646.3933879477468,1679.0248050102844,1689.1061363443514,1691.1886892556495,1712.4413048550691,1738.6269770829567,1802.9005414225494,-44.79530130790272,-41.62690379784112,-3.1683975100615953
312,CLEAN,2022-10-24,1687.0,1687.0,1670.2,20833,1676.75,-10.25,1645.2234038239287,1643.6313138973949,1651.0636359557857,1678.818004554804,1688.1556643178503,1690.1191567181572,1711.0416407368969,1737.3993445901797,1801.5879291335227,-39.05552076237154,-41.112627190747205,2.0571064283756613
313,CLEAN,2022-10-25,1675.0,1675.05,1619.55,60291,1633.05,-41.950000000000045,1641.1656025492857,1641.515051117916,1648.2923073472032,1674.6572768680032,1683.9167670625793,1685.8918117759363,1707.9831343054648,1735.329143430671,1799.8350680677622,-37.5995044287331,-40.41000263834439,2.810498209611289
314,CLEAN,2022-10-27,1654.95,1654.95,1616.0,37466,1619.05,-35.90000000000009,1633.7937350328573,1637.022040894333,1643.7934908322488,1669.6020698800023,1678.927015750017,1680.9405664590536,1704.4955486706863,1733.0223510506614,1797.955677918019,-37.147075626804735,-39.75741723603646,2.6103416092317246
315,CLEAN,2022-10-28,1618.0,1635.0,1590.0,45153,1595.65,-22.34999999999991,1621.0791566885716,1628.7476327154668,1636.3867999349798,1662.8791544363653,1672.521091461488,1674.6227467211727,1700.2270819759683,1730.2972023950715,1795.8535020786512,-38.235946786192926,-39.45312314606775,1.217176359874827
316,CLEAN,2022-10-31,1605.0,1614.95,1565.0,70042,1572.2,-32.799999999999955,1604.786104459048,1617.4381061723736,1626.5119076372907,1654.6355949421497,1664.804084425915,1667.035876593486,1695.206396492763,1727.1610327420337,1793.5305232047835,-40.523968956195176,-39.66729230809324,-0.8566766481019386
317,CLEAN,2022-11-01,1575.0,1592.85,1560.0,74952,1573.05,-1.9500000000000455,1594.2074029726984,1608.5604849378992,1618.286998770015,1647.218722674681,1657.7460779315516,1660.0739598086193,1690.4159352688853,1724.1040435888192,1791.241499108935,-41.786961038604204,-40.09122605419543,-1.695734984408773
318,CLEAN,2022-11-02,1592.7,1611.0,1580.0,56659,1593.95,1.25,1594.1216019817991,1605.6383879503196,1614.5428451130897,1642.376111522437,1652.8386873213922,1655.175888711578,1686.632946563488,1721.5223604552784,1789.1941068878716,-40.63304359848826,-40.199589563054,-0.4334540354342593
319,CLEAN,2022-11-03,1589.4,1598.0,1586.0,30730,1593.7,4.2999999999999545,1593.9810679878663,1603.2507103602559,1611.3362535572298,1637.9510104749424,1648.289557527405,1650.6221191772952,1682.9885072421814,1718.9870128781233,1787.1662335099766,-39.28586562006535,-40.016844774456274,0.7309791543909228
320,CLEAN,2022-11-04,1599.7,1612.05,1590.0,36238,1601.95,2.25,1596.6373786585775,1602.990568288205,1609.8922145484255,1634.6781913408565,1644.7249761791184,1647.016777015947,1679.8105181507567,1716.6656684035495,1785.2457851961556,-37.1245624675214,-39.438388313069304,2.3138258455479033
321,CLEAN,2022-11-07,1613.0,1619.95,1585.85,45778,1589.75,-23.25,1594.3415857723849,1600.3424546305641,1606.7934123102063,1630.5938103098695,1640.4961318576206,1642.7747935332109,1676.278724139857,1714.1484692400345,1783.2195992994446,-35.98138122300452,-38.746986895056345,2.7656056720518265
322,CLEAN,2022-11-09,1592.0,1600.0,1542.0,56345,1553.6,-38.40000000000009,1580.76105718159,1590.9939637044515,1598.6098104163284,1623.5943730089718,1633.8118140223794,1636.1692532713857,1671.467782021708,1710.9643101456888,1780.840727480956,-37.55944285505734,-38.50947808705655,0.9500352319992089
323,CLEAN,2022-11-10,1548.0,1550.0,1520.0,61472,1532.35,-15.650000000000091,1564.62403812106,1579.2651709635613,1588.415993429201,1615.2994300081557,1626.007059097538,1628.478938214132,1666.012169914166,1707.4219609936767,1778.2674042905214,-40.062944784931005,-38.82017142663144,-1.2427733582995657
324,CLEAN,2022-11-11,1559.7,1561.0,1540.0,66916,1548.8,-10.900000000000091,1559.3493587473733,1573.1721367708492,1582.3212252093238,1609.2540272801411,1620.0680545515436,1622.576794642634,1661.4156038595017,1704.276203632867,1775.8920464107307,-40.25556943331026,-39.10725102796721,-1.1483184053430477
325,CLEAN,2022-11-14,1515.0,1532.0,1503.0,123625,1508.6,-6.400000000000091,1542.4329058315823,1560.2577094166795,1570.9794982540432,1600.1036611637644,1611.4935888167695,1614.1340691134426,1655.4228220887835,1700.3957100025145,1773.126252547123,-43.15457085939943,-39.91671499425365,-3.237855865145775
326,CLEAN,2022-11-15,1519.7,1537.95,1497.65,96918,1501.2,-18.5,1528.6886038877217,1548.4461675333437,1560.2441908303442,1591.1124192397856,1603.0094666000584,1605.7685825123485,1649.3748556840083,1696.4455357600948,1770.3136236280025,-45.52439168200431,-41.03825033180378,-4.486141350200526
327,CLEAN,2022-11-16,1500.0,1513.0,1490.0,175795,1493.15,-6.849999999999909,1516.8424025918146,1537.3869340266751,1549.9220076256759,1582.2067447634413,1594.5587384000205,1597.4264652891209,1643.2483784947483,1692.4141748884522,1767.4479492423875,-47.50445766344501,-42.33149179813203,-5.172965865312982
328,CLEAN,2022-11-17,1491.0,1512.9,1479.6,78397,1501.55,10.549999999999955,1511.7449350612096,1530.2195472213402,1542.4801602986488,1574.87431342131,1587.4042200615313,1590.3245048972624,1637.691568653746,1688.6294347799328,1764.699823030513,-47.84434459861359,-43.43406235822834,-4.41028224038525
329,CLEAN,2022-11-18,1513.7,1558.0,1505.0,247867,1524.25,10.549999999999955,1515.9132900408065,1529.0256377770725,1539.6755202527029,1570.2721031102817,1582.546203133705,1585.430097127049,1633.2428714686482,1685.3699633621718,1762.2156664340225,-45.754576874346185,-43.89816526145191,-1.8564116128942771
330,CLEAN,2022-11-21,1525.0,1530.05,1501.3,27550,1505.85,-19.15000000000009,1512.5588600272042,1524.3905102216581,1534.4715940599792,1564.415548282074,1576.6464952003244,1579.535275117587,1628.247063720459,1681.81036717415,1759.568087494617,-45.06368105760771,-44.13126842068307,-0.9324126369246386
331,CLEAN,2022-11-22,1505.0,1518.45,1490.0,47894,1492.5,-12.5,1505.8725733514693,1518.0124081773267,1528.0144257430593,1557.8777711655218,1570.1736878772037,1573.0882177014178,1622.923640378892,1678.0567420275843,1756.8110205702462,-45.07379195835847,-44.31977312821816,-0.7540188301403106
332,CLEAN,2022-11-23,1497.7,1504.95,1484.0,60731,1492.85,-4.850000000000136,1501.5317155676464,1512.9799265418615,1522.604514090281,1551.9661556050198,1564.225711886634,1567.1446460197872,1617.8227049477205,1674.3845782544884,1754.0870459494372,-44.54013192950606,-44.36384488847574,-0.17628704103032078
333,CLEAN,2022-11-24,1498.0,1509.95,1482.0,38862,1495.95,-2.0499999999999545,1499.6711437117644,1509.5739412334892,1518.5038196148535,1546.873777822745,1558.9737340491877,1561.870968536804,1613.043375661583,1670.846778567521,1751.4241560383355,-43.3671489219505,-44.164505695170696,0.7973567732201943
334,CLEAN,2022-11-25,1503.0,1535.0,1492.05,105919,1512.45,9.450000000000045,1503.9307624745097,1510.1491529867915,1517.5724627510301,1543.7443434752229,1555.394985276165,1558.2101560525732,1609.098531434009,1667.706343959831,1748.9598474789768,-40.637693301543095,-43.459143216445185,2.8214499149020895
335,CLEAN,2022-11-28,1520.0,1543.0,1503.25,69492,1515.15,-4.849999999999909,1507.6705083163397,1511.1493223894336,1517.1997761739485,1541.1448577047481,1552.299217177992,1555.020514863475,1605.4142699456402,1664.6817778204188,1746.5496653796995,-37.82073868952648,-42.33146231106144,4.510723621534964
336,CLEAN,2022-11-29,1515.2,1529.0,1505.0,56169,1508.95,-6.25,1508.0970055442265,1510.709457911547,1515.930579839495,1538.2180524588618,1548.9646620104477,1551.6078841328288,1601.6313521172613,1661.5943296983698,1744.101293342931,-35.67730429333369,-41.000630707515896,5.323326414182205
337,CLEAN,2022-11-30,1516.65,1525.9,1494.0,84032,1496.3,-20.350000000000136,1504.1646703628176,1507.8275663292377,1512.9104906334187,1534.407320417147,1544.913534163483,1547.5110038266728,1597.5007053169468,1658.3173767713406,1741.5487020432706,-34.60051319325407,-39.72060720466354,5.1200940114094635
338,CLEAN,2022-12-01,1507.0,1512.9,1496.0,62424,1500.35,-6.650000000000091,1502.8931135752118,1506.3320530633903,1510.9781074590467,1531.3112003792246,1541.4855699970556,1544.0175961357916,1593.690868825819,1655.1857523224821,1739.06499483979,-33.039488676744895,-38.38438349907981,5.344894822334915
339,CLEAN,2022-12-02,1502.05,1523.0,1500.85,73454,1509.65,7.600000000000136,1505.145409050141,1506.9956424507125,1510.7737832345776,1529.3420003447497,1539.0366799972785,1541.4718482738701,1590.3951443987871,1652.3006436028209,1736.7034482747106,-30.698065039292487,-36.84711980712235,6.14905476782986
340,CLEAN,2022-12-05,1517.7,1569.0,1510.0,186193,1558.5,40.799999999999955,1522.930272700094,1517.29651396057,1518.1162781215655,1531.9927275861362,1540.5338584590284,1542.733192846181,1589.144352934312,1650.4411755569326,1734.869691843221,-24.616914724615526,-34.401078790620986,9.78416406600546
341,CLEAN,2022-12-06,1566.3,1593.0,1550.1,170282,1565.65,-0.6499999999998636,1537.1701818000627,1526.9672111684563,1525.4291584105554,1535.0524796237603,1542.465869346798,1544.4307341168405,1588.2230047072853,1648.76034412423,1733.1289722617564,-19.001575706285166,-31.321178173753825,12.319602467468659
342,CLEAN,2022-12-07,1569.7,1569.7,1531.0,54230,1544.1,-25.600000000000136,1539.4801212000418,1530.3937689347654,1528.3015955781623,1535.8749814761456,1542.5915717047367,1544.4062352933706,1586.492688896947,1646.6856864225783,1731.185133783414,-16.10463971520835,-28.27787048204473,12.17323076683638
343,CLEAN,2022-12-08,1540.0,1590.0,1540.0,82225,1574.65,34.65000000000009,1551.2034141333613,1539.2450151478124,1535.432119335368,1539.3999831601325,1545.057604650529,1546.6465141605356,1586.028269234489,1645.25776941879,1729.5759745580992,-11.214394825167574,-24.8651753506693,13.650780525501727
344,CLEAN,2022-12-09,1578.7,1582.45,1545.5,56971,1554.55,-24.15000000000009,1552.3189427555742,1542.3060121182502,1538.3733317453114,1540.7772574183025,1545.7877889081813,1547.2319575560532,1584.7938260522908,1643.4597643784093,1727.7773249372153,-8.858625810741842,-21.66386544268381,12.80523963194197
345,CLEAN,2022-12-12,1562.3,1562.3,1530.0,33435,1531.75,-30.549999999999955,1545.4626285037164,1540.1948096946003,1537.354357630648,1539.9565976530023,1544.7079589921661,1546.0851458852314,1582.7136739849386,1641.245503027116,1725.7635124694295,-8.73078825458333,-19.077250005063714,10.346461750480383
346,CLEAN,2022-12-13,1532.1,1545.0,1523.1,36520,1527.25,-4.849999999999909,1539.3917523358111,1537.6058477556803,1535.799841072087,1538.8014524118203,1543.3650390696907,1544.6899498937294,1580.5386259108773,1638.9859790111905,1723.7248173342796,-8.890108821642343,-17.03982176837944,8.149712946737097
347,CLEAN,2022-12-14,1532.05,1547.0,1531.6,38687,1534.3,2.25,1537.6945015572073,1536.9446782045445,1535.5690962917658,1538.3922294652912,1542.6677283720217,1543.9203239756735,1578.7253448330462,1636.911020448597,1721.780082781955,-8.35122768390761,-15.302102951485075,6.950875267577466
348,CLEAN,2022-12-15,1537.8,1545.95,1515.05,32060,1519.95,-17.84999999999991,1531.7796677048048,1533.5457425636357,1533.1661584007252,1536.7156631502646,1540.9202108049417,1542.144744421916,1576.4204273582845,1634.5928044957577,1719.7086444123706,-8.978586021190722,-14.037399565426206,5.058813544235484
349,CLEAN,2022-12-16,1520.95,1536.95,1508.05,38440,1515.9,-5.0499999999999545,1526.4864451365365,1530.016594050909,1530.509826339075,1534.8233301366042,1538.9955792045605,1540.200689279548,1574.0470752959739,1632.240307232175,1717.6175540872237,-9.690862940472925,-13.168092240435552,3.4772292999626266
350,CLEAN,2022-12-19,1517.95,1519.8,1485.0,75268,1492.8,-25.15000000000009,1515.2576300910243,1522.5732752407273,1524.7083145946017,1531.0030273969128,1535.4420731118996,1536.689527110686,1570.860912939706,1629.4766433743496,1715.3116253619953,-11.98121251608427,-12.930716295565297,0.9495037794810273
351,CLEAN,2022-12-20,1497.95,1508.05,1482.0,35581,1495.95,-2.0,1508.8217533940162,1517.248620192582,1520.2839585031247,1527.816388542648,1532.4042213340595,1533.6717843617412,1567.9232278285951,1626.830233380317,1713.0623472122436,-13.387825858616452,-13.02213820817553,-0.3656876504409219
352,CLEAN,2022-12-21,1502.0,1507.8,1473.0,49546,1476.6,-25.40000000000009,1498.0811689293441,1509.1188961540656,1513.5633495026439,1523.160353220589,1528.1115889237446,1529.444244779383,1564.34192214025,1623.8528209388926,1710.6384582638188,-15.880895276739238,-13.593889621888273,-2.287005654850965
353,CLEAN,2022-12-22,1484.0,1491.5,1455.0,44212,1461.4,-22.59999999999991,1485.8541126195626,1499.5751169232526,1505.5382188099293,1517.545775655081,1522.9799282373003,1524.4039303512732,1560.304981161996,1620.6332238647456,1708.0843732876938,-18.8657115413439,-14.648254005779398,-4.217457535564501
354,CLEAN,2022-12-23,1450.0,1459.95,1410.0,86805,1417.15,-32.84999999999991,1462.952741746375,1483.090093538602,1491.9400313007095,1508.4188869591644,1514.839164526735,1516.4591947696867,1554.6910565173955,1616.6005264841222,1705.1038932184867,-24.51916346897724,-16.622435898418967,-7.896727570558273
355,CLEAN,2022-12-26,1415.0,1454.95,1412.15,34723,1445.65,30.65000000000009,1457.1851611642498,1475.6020748308817,1484.818488023677,1502.7126245083314,1509.5169211015993,1511.214069231185,1550.4149338622478,1613.2126281745932,1702.4466971487727,-26.39558120750803,-18.577064960236783,-7.818516247271248
